{"textures":{"0":"nlwar:items/advanced_porb"},"elements":[{"from":[0,0,0],"to":[16,16,0],"faces":{"north":{"uv":[0,0,16,16],"texture":"#0","tintindex":0},"east":{"uv":[0,0,0,16],"texture":"#0","tintindex":0},"south":{"uv":[0,0,16,16],"texture":"#0","tintindex":0},"west":{"uv":[0,0,0,16],"texture":"#0","tintindex":0},"up":{"uv":[0,0,16,0],"texture":"#0","tintindex":0},"down":{"uv":[0,0,16,0],"texture":"#0","tintindex":0}}},{"from":[0,0,1],"to":[16,16,1],"faces":{"north":{"uv":[0,0,16,16],"texture":"#0","tintindex":0},"east":{"uv":[0,0,0,16],"texture":"#0","tintindex":0},"south":{"uv":[0,0,16,16],"texture":"#0","tintindex":0},"west":{"uv":[0,0,0,16],"texture":"#0","tintindex":0},"up":{"uv":[0,0,16,0],"texture":"#0","tintindex":0},"down":{"uv":[0,0,16,0],"texture":"#0","tintindex":0}}},{"from":[5,1,0],"to":[11,2,1],"faces":{"north":{"uv":[5,14,11,15],"texture":"#0","tintindex":0},"east":{"uv":[5,14,6,15],"texture":"#0","tintindex":0},"south":{"uv":[5,14,11,15],"texture":"#0","tintindex":0},"west":{"uv":[10,14,11,15],"texture":"#0","tintindex":0},"up":{"uv":[5,14,11,15],"texture":"#0","tintindex":0},"down":{"uv":[5,14,11,15],"texture":"#0","tintindex":0}}},{"from":[5,14,0],"to":[11,15,1],"faces":{"north":{"uv":[5,1,11,2],"texture":"#0","tintindex":0},"east":{"uv":[5,1,6,2],"texture":"#0","tintindex":0},"south":{"uv":[5,1,11,2],"texture":"#0","tintindex":0},"west":{"uv":[10,1,11,2],"texture":"#0","tintindex":0},"up":{"uv":[5,1,11,2],"texture":"#0","tintindex":0},"down":{"uv":[5,1,11,2],"texture":"#0","tintindex":0}}},{"from":[3,13,0],"to":[5,14,1],"faces":{"north":{"uv":[11,2,13,3],"texture":"#0","tintindex":0},"east":{"uv":[11,2,12,3],"texture":"#0","tintindex":0},"south":{"uv":[11,2,13,3],"texture":"#0","tintindex":0},"west":{"uv":[11,2,12,3],"texture":"#0","tintindex":0},"up":{"uv":[11,2,13,3],"texture":"#0","tintindex":0},"down":{"uv":[11,2,13,3],"texture":"#0","tintindex":0}}},{"from":[3,2,0],"to":[5,3,1],"faces":{"north":{"uv":[11,13,13,14],"texture":"#0","tintindex":0},"east":{"uv":[11,13,12,14],"texture":"#0","tintindex":0},"south":{"uv":[11,13,13,14],"texture":"#0","tintindex":0},"west":{"uv":[11,13,12,14],"texture":"#0","tintindex":0},"up":{"uv":[11,13,13,14],"texture":"#0","tintindex":0},"down":{"uv":[11,13,13,14],"texture":"#0","tintindex":0}}},{"from":[11,13,0],"to":[13,14,1],"faces":{"north":{"uv":[3,2,5,3],"texture":"#0","tintindex":0},"east":{"uv":[3,2,4,3],"texture":"#0","tintindex":0},"south":{"uv":[3,2,5,3],"texture":"#0","tintindex":0},"west":{"uv":[3,2,4,3],"texture":"#0","tintindex":0},"up":{"uv":[3,2,5,3],"texture":"#0","tintindex":0},"down":{"uv":[3,2,5,3],"texture":"#0","tintindex":0}}},{"from":[11,2,0],"to":[13,3,1],"faces":{"north":{"uv":[3,13,5,14],"texture":"#0","tintindex":0},"east":{"uv":[3,13,4,14],"texture":"#0","tintindex":0},"south":{"uv":[3,13,5,14],"texture":"#0","tintindex":0},"west":{"uv":[3,13,4,14],"texture":"#0","tintindex":0},"up":{"uv":[3,13,5,14],"texture":"#0","tintindex":0},"down":{"uv":[3,13,5,14],"texture":"#0","tintindex":0}}},{"from":[2,11,0],"to":[3,13,1],"faces":{"north":{"uv":[13,3,14,5],"texture":"#0","tintindex":0},"east":{"uv":[13,3,14,5],"texture":"#0","tintindex":0},"south":{"uv":[13,3,14,5],"texture":"#0","tintindex":0},"west":{"uv":[13,3,14,5],"texture":"#0","tintindex":0},"up":{"uv":[13,3,14,4],"texture":"#0","tintindex":0},"down":{"uv":[13,3,14,4],"texture":"#0","tintindex":0}}},{"from":[2,3,0],"to":[3,5,1],"faces":{"north":{"uv":[13,11,14,13],"texture":"#0","tintindex":0},"east":{"uv":[13,11,14,13],"texture":"#0","tintindex":0},"south":{"uv":[13,11,14,13],"texture":"#0","tintindex":0},"west":{"uv":[13,11,14,13],"texture":"#0","tintindex":0},"up":{"uv":[13,11,14,12],"texture":"#0","tintindex":0},"down":{"uv":[13,11,14,12],"texture":"#0","tintindex":0}}},{"from":[13,3,0],"to":[14,5,1],"faces":{"north":{"uv":[2,11,3,13],"texture":"#0","tintindex":0},"east":{"uv":[2,11,3,13],"texture":"#0","tintindex":0},"south":{"uv":[2,11,3,13],"texture":"#0","tintindex":0},"west":{"uv":[2,11,3,13],"texture":"#0","tintindex":0},"up":{"uv":[2,11,3,12],"texture":"#0","tintindex":0},"down":{"uv":[2,11,3,12],"texture":"#0","tintindex":0}}},{"from":[13,11,0],"to":[14,13,1],"faces":{"north":{"uv":[2,3,3,5],"texture":"#0","tintindex":0},"east":{"uv":[2,3,3,5],"texture":"#0","tintindex":0},"south":{"uv":[2,3,3,5],"texture":"#0","tintindex":0},"west":{"uv":[2,3,3,5],"texture":"#0","tintindex":0},"up":{"uv":[2,3,3,4],"texture":"#0","tintindex":0},"down":{"uv":[2,3,3,4],"texture":"#0","tintindex":0}}},{"from":[1,5,0],"to":[2,11,1],"faces":{"north":{"uv":[14,5,15,11],"texture":"#0","tintindex":0},"east":{"uv":[14,5,15,11],"texture":"#0","tintindex":0},"south":{"uv":[14,5,15,11],"texture":"#0","tintindex":0},"west":{"uv":[14,5,15,11],"texture":"#0","tintindex":0},"up":{"uv":[14,5,15,6],"texture":"#0","tintindex":0},"down":{"uv":[14,10,15,11],"texture":"#0","tintindex":0}}},{"from":[14,5,0],"to":[15,11,1],"faces":{"north":{"uv":[1,5,2,11],"texture":"#0","tintindex":0},"east":{"uv":[1,5,2,11],"texture":"#0","tintindex":0},"south":{"uv":[1,5,2,11],"texture":"#0","tintindex":0},"west":{"uv":[1,5,2,11],"texture":"#0","tintindex":0},"up":{"uv":[1,5,2,6],"texture":"#0","tintindex":0},"down":{"uv":[1,10,2,11],"texture":"#0","tintindex":0}}}],"display":{"thirdperson_righthand":{"translation":[0,0,3.5],"scale":[0.5,0.5,0.5]},"thirdperson_lefthand":{"translation":[0,0,3.5],"scale":[0.5,0.5,0.5]},"firstperson_righthand":{"translation":[0,3.5,3.5],"scale":[0.5,0.5,0.5]},"firstperson_lefthand":{"translation":[0,3.5,3.5],"scale":[0.5,0.5,0.5]},"ground":{"translation":[0,3.5,3.5],"scale":[0.5,0.5,0.5]},"gui":{"translation":[0,0,8]},"head":{"translation":[0,0,0.75]},"fixed":{"translation":[0,0,8]}}}