{"credit":"Made with Blockbench","parent":"can_oil","texture_size":[64,64],"textures":{"0":"nlwar:items/can/oil","1":"nlwar:items/can/main","particle":"nlwar:items/can/main"},"elements":[{"from":[5.75,5.7,2],"to":[6,9.2,5.65],"rotation":{"angle":45,"axis":"x","origin":[0,0,0]},"faces":{"north":{"uv":[4.25,6.5,4.5,7.5],"texture":"#1"},"east":{"uv":[1,3.75,2,4.75],"texture":"#1"},"south":{"uv":[4.5,6.5,4.75,7.5],"texture":"#1"},"west":{"uv":[2,3.75,3,4.75],"texture":"#1"},"up":{"uv":[5,7.5,4.75,6.5],"texture":"#1"},"down":{"uv":[5.25,6.5,5,7.5],"texture":"#1"}}},{"from":[5.75,10.2,2],"to":[6,12.6,5.75],"rotation":{"angle":45,"axis":"x","origin":[0,0,0]},"faces":{"north":{"uv":[0.25,7.5,0.5,8],"texture":"#1"},"east":{"uv":[5.75,5.25,6.75,5.75],"texture":"#1"},"south":{"uv":[0.5,7.5,0.75,8],"texture":"#1"},"west":{"uv":[5.75,5.75,6.75,6.25],"texture":"#1"},"up":{"uv":[6.75,7.25,6.5,6.25],"texture":"#1"},"down":{"uv":[7,0,6.75,1],"texture":"#1"}}},{"from":[5.75,13.2,1],"to":[6,14.2,2.05],"rotation":{"angle":45,"axis":"x","origin":[0,0,0]},"faces":{"north":{"uv":[7.75,5.25,8,5.5],"texture":"#1"},"east":{"uv":[8,2.25,8.25,2.5],"texture":"#1"},"south":{"uv":[8,2.5,8.25,2.75],"texture":"#1"},"west":{"uv":[8,2.75,8.25,3],"texture":"#1"},"up":{"uv":[8.25,3.25,8,3],"texture":"#1"},"down":{"uv":[8.25,3.25,8,3.5],"texture":"#1"}}},{"from":[5.75,12.6,2],"to":[6,13.6,3.05],"rotation":{"angle":45,"axis":"x","origin":[0,0,0]},"faces":{"north":{"uv":[3.75,8,4,8.25],"texture":"#1"},"east":{"uv":[8,3.75,8.25,4],"texture":"#1"},"south":{"uv":[4,8,4.25,8.25],"texture":"#1"},"west":{"uv":[8,4,8.25,4.25],"texture":"#1"},"up":{"uv":[4.5,8.25,4.25,8],"texture":"#1"},"down":{"uv":[8.25,4.25,8,4.5],"texture":"#1"}}},{"from":[5.75,3.8,1],"to":[6,6.2,2.05],"rotation":{"angle":45,"axis":"x","origin":[0,0,0]},"faces":{"north":{"uv":[0.75,7.5,1,8],"texture":"#1"},"east":{"uv":[7.5,0.75,7.75,1.25],"texture":"#1"},"south":{"uv":[7.5,1.25,7.75,1.75],"texture":"#1"},"west":{"uv":[7.5,3,7.75,3.5],"texture":"#1"},"up":{"uv":[4.75,8.25,4.5,8],"texture":"#1"},"down":{"uv":[8.25,4.5,8,4.75],"texture":"#1"}}},{"from":[5.75,9.2,5],"to":[6,10.2,6.05],"rotation":{"angle":45,"axis":"x","origin":[0,0,0]},"faces":{"north":{"uv":[4.75,8,5,8.25],"texture":"#1"},"east":{"uv":[5,8,5.25,8.25],"texture":"#1"},"south":{"uv":[8,5.25,8.25,5.5],"texture":"#1"},"west":{"uv":[8,5.5,8.25,5.75],"texture":"#1"},"up":{"uv":[8.25,6,8,5.75],"texture":"#1"},"down":{"uv":[8.25,6,8,6.25],"texture":"#1"}}},{"from":[5.75,9.2,-3],"to":[6,10.2,-1.95],"rotation":{"angle":45,"axis":"x","origin":[0,0,0]},"faces":{"north":{"uv":[8,6.25,8.25,6.5],"texture":"#1"},"east":{"uv":[6.5,8,6.75,8.25],"texture":"#1"},"south":{"uv":[8,6.5,8.25,6.75],"texture":"#1"},"west":{"uv":[6.75,8,7,8.25],"texture":"#1"},"up":{"uv":[8.25,7,8,6.75],"texture":"#1"},"down":{"uv":[7.25,8,7,8.25],"texture":"#1"}}},{"from":[5.75,8.6,3],"to":[6,10.4,13.05],"faces":{"north":{"uv":[7.5,3.5,7.75,4],"texture":"#1"},"east":{"uv":[1,3.25,3.5,3.75],"texture":"#1"},"south":{"uv":[7.5,4,7.75,4.5],"texture":"#1"},"west":{"uv":[3.5,2.25,6,2.75],"texture":"#1"},"up":{"uv":[5.75,6.25,5.5,3.75],"texture":"#1"},"down":{"uv":[1.25,5.75,1,8.25],"texture":"#1"}}},{"from":[5.75,2.7,10.9],"to":[6,10.2,13.05],"faces":{"north":{"uv":[5.25,5.75,5.5,7.75],"texture":"#1"},"east":{"uv":[3,3.75,3.5,5.75],"texture":"#1"},"south":{"uv":[6,0,6.25,2],"texture":"#1"},"west":{"uv":[3.5,3.75,4,5.75],"texture":"#1"},"up":{"uv":[4.5,8,4.25,7.5],"texture":"#1"},"down":{"uv":[4.75,7.5,4.5,8],"texture":"#1"}}},{"from":[5.75,2.7,3],"to":[6,10.2,5.15],"faces":{"north":{"uv":[6.25,0,6.5,2],"texture":"#1"},"east":{"uv":[4,3.75,4.5,5.75],"texture":"#1"},"south":{"uv":[5.5,6.25,5.75,8.25],"texture":"#1"},"west":{"uv":[4.5,3.75,5,5.75],"texture":"#1"},"up":{"uv":[7.75,5,7.5,4.5],"texture":"#1"},"down":{"uv":[5,7.5,4.75,8],"texture":"#1"}}},{"from":[5.75,0,3],"to":[6,2.8,13.05],"faces":{"north":{"uv":[6.5,4.5,6.75,5.25],"texture":"#1"},"east":{"uv":[1,2.5,3.5,3.25],"texture":"#1"},"south":{"uv":[7,5,7.25,5.75],"texture":"#1"},"west":{"uv":[3,0,5.5,0.75],"texture":"#1"},"up":{"uv":[1.5,8.25,1.25,5.75],"texture":"#1"},"down":{"uv":[1.75,5.75,1.5,8.25],"texture":"#1"}}},{"from":[5.75,10.2,-2.8],"to":[6,11.4,-0.95],"rotation":{"angle":45,"axis":"x","origin":[0,0,0]},"faces":{"north":{"uv":[8,7,8.25,7.25],"texture":"#1"},"east":{"uv":[3,2.25,3.5,2.5],"texture":"#1"},"south":{"uv":[8,7.25,8.25,7.5],"texture":"#1"},"west":{"uv":[5.5,2,6,2.25],"texture":"#1"},"up":{"uv":[5.25,8,5,7.5],"texture":"#1"},"down":{"uv":[7.75,5,7.5,5.5],"texture":"#1"}}},{"from":[5.75,8,-2.8],"to":[6,9.2,-0.95],"rotation":{"angle":45,"axis":"x","origin":[0,0,0]},"faces":{"north":{"uv":[8,7.5,8.25,7.75],"texture":"#1"},"east":{"uv":[7.5,1.75,8,2],"texture":"#1"},"south":{"uv":[7.75,8,8,8.25],"texture":"#1"},"west":{"uv":[7.5,5.5,8,5.75],"texture":"#1"},"up":{"uv":[7.75,6.25,7.5,5.75],"texture":"#1"},"down":{"uv":[7.75,6.25,7.5,6.75],"texture":"#1"}}},{"from":[5.75,5.8,-1.5],"to":[6,9.2,1.05],"rotation":{"angle":45,"axis":"x","origin":[0,0,0]},"faces":{"north":{"uv":[7,5.75,7.25,6.5],"texture":"#1"},"east":{"uv":[3.75,5.75,4.5,6.5],"texture":"#1"},"south":{"uv":[7,6.5,7.25,7.25],"texture":"#1"},"west":{"uv":[5.75,3.75,6.5,4.5],"texture":"#1"},"up":{"uv":[7.5,3.75,7.25,3],"texture":"#1"},"down":{"uv":[4,7.25,3.75,8],"texture":"#1"}}},{"from":[5.75,10.2,-1.2],"to":[6,13.2,1.05],"rotation":{"angle":45,"axis":"x","origin":[0,0,0]},"faces":{"north":{"uv":[7.25,3.75,7.5,4.5],"texture":"#1"},"east":{"uv":[6,3,6.5,3.75],"texture":"#1"},"south":{"uv":[4,7.25,4.25,8],"texture":"#1"},"west":{"uv":[6.5,3,7,3.75],"texture":"#1"},"up":{"uv":[7,8,6.75,7.5],"texture":"#1"},"down":{"uv":[7.75,6.75,7.5,7.25],"texture":"#1"}}},{"from":[9.95,5.7,2],"to":[10.2,9.2,5.65],"rotation":{"angle":45,"axis":"x","origin":[4.2,0,0]},"faces":{"north":{"uv":[6.75,1,7,2],"texture":"#1"},"east":{"uv":[1,4.75,2,5.75],"texture":"#1"},"south":{"uv":[6.75,4.5,7,5.5],"texture":"#1"},"west":{"uv":[2,4.75,3,5.75],"texture":"#1"},"up":{"uv":[7,6.5,6.75,5.5],"texture":"#1"},"down":{"uv":[7,6.5,6.75,7.5],"texture":"#1"}}},{"from":[7.4,12.65,-0.7],"to":[8.6,13.6,1.3],"faces":{"north":{"uv":[8,7.75,8.25,8],"texture":"#1"},"east":{"uv":[7.25,7.5,7.75,7.75],"texture":"#1"},"south":{"uv":[8,8,8.25,8.25],"texture":"#1"},"west":{"uv":[7.5,7.25,8,7.5],"texture":"#1"},"up":{"uv":[8,0.5,7.75,0],"texture":"#1"},"down":{"uv":[8,0.5,7.75,1],"texture":"#1"}}},{"from":[7,11.65,-4.2],"to":[9,13.4,-2.2],"rotation":{"angle":22.5,"axis":"x","origin":[0,0,0]},"faces":{"north":{"uv":[0,7,0.5,7.5],"texture":"#1"},"east":{"uv":[7,0,7.5,0.5],"texture":"#1"},"south":{"uv":[0.5,7,1,7.5],"texture":"#1"},"west":{"uv":[7,0.5,7.5,1],"texture":"#1"},"up":{"uv":[7.5,1.5,7,1],"texture":"#1"},"down":{"uv":[7.5,1.5,7,2],"texture":"#1"}}},{"from":[9.95,10.2,-1.2],"to":[10.2,13.2,1.05],"rotation":{"angle":45,"axis":"x","origin":[4.2,0,0]},"faces":{"north":{"uv":[7.25,4.5,7.5,5.25],"texture":"#1"},"east":{"uv":[3.75,6.5,4.25,7.25],"texture":"#1"},"south":{"uv":[7.25,5.25,7.5,6],"texture":"#1"},"west":{"uv":[6.5,3.75,7,4.5],"texture":"#1"},"up":{"uv":[8,1.5,7.75,1],"texture":"#1"},"down":{"uv":[8,3,7.75,3.5],"texture":"#1"}}},{"from":[9.95,5.8,-1.5],"to":[10.2,9.2,1.05],"rotation":{"angle":45,"axis":"x","origin":[4.2,0,0]},"faces":{"north":{"uv":[7.25,6,7.5,6.75],"texture":"#1"},"east":{"uv":[4.5,5.75,5.25,6.5],"texture":"#1"},"south":{"uv":[6.5,7.25,6.75,8],"texture":"#1"},"west":{"uv":[5.75,4.5,6.5,5.25],"texture":"#1"},"up":{"uv":[7.5,7.5,7.25,6.75],"texture":"#1"},"down":{"uv":[7.25,7.25,7,8],"texture":"#1"}}},{"from":[9.95,8,-2.8],"to":[10.2,9.2,-0.95],"rotation":{"angle":45,"axis":"x","origin":[4.2,0,0]},"faces":{"north":{"uv":[0,8.25,0.25,8.5],"texture":"#1"},"east":{"uv":[7.75,1.5,8.25,1.75],"texture":"#1"},"south":{"uv":[8.25,0,8.5,0.25],"texture":"#1"},"west":{"uv":[7.75,3.5,8.25,3.75],"texture":"#1"},"up":{"uv":[8,4.25,7.75,3.75],"texture":"#1"},"down":{"uv":[8,4.25,7.75,4.75],"texture":"#1"}}},{"from":[9.95,10.2,-2.8],"to":[10.2,11.4,-0.95],"rotation":{"angle":45,"axis":"x","origin":[4.2,0,0]},"faces":{"north":{"uv":[8.25,0.25,8.5,0.5],"texture":"#1"},"east":{"uv":[7.75,4.75,8.25,5],"texture":"#1"},"south":{"uv":[8.25,0.5,8.5,0.75],"texture":"#1"},"west":{"uv":[7.75,5,8.25,5.25],"texture":"#1"},"up":{"uv":[5.5,8.25,5.25,7.75],"texture":"#1"},"down":{"uv":[8,5.75,7.75,6.25],"texture":"#1"}}},{"from":[9.95,0,3],"to":[10.2,2.8,13.05],"rotation":{"angle":0,"axis":"y","origin":[4.2,0,0]},"faces":{"north":{"uv":[0,7.5,0.25,8.25],"texture":"#1"},"east":{"uv":[3,0.75,5.5,1.5],"texture":"#1"},"south":{"uv":[7.5,0,7.75,0.75],"texture":"#1"},"west":{"uv":[3,1.5,5.5,2.25],"texture":"#1"},"up":{"uv":[2,8.25,1.75,5.75],"texture":"#1"},"down":{"uv":[2.25,5.75,2,8.25],"texture":"#1"}}},{"from":[9.95,2.7,3],"to":[10.2,10.2,5.15],"rotation":{"angle":0,"axis":"y","origin":[4.2,0,0]},"faces":{"north":{"uv":[5.75,6.25,6,8.25],"texture":"#1"},"east":{"uv":[0,5,0.5,7],"texture":"#1"},"south":{"uv":[6,6.25,6.25,8.25],"texture":"#1"},"west":{"uv":[0.5,5,1,7],"texture":"#1"},"up":{"uv":[8,6.75,7.75,6.25],"texture":"#1"},"down":{"uv":[8,6.75,7.75,7.25],"texture":"#1"}}},{"from":[9.95,2.7,10.9],"to":[10.2,10.2,13.05],"rotation":{"angle":0,"axis":"y","origin":[4.2,0,0]},"faces":{"north":{"uv":[6.25,6.25,6.5,8.25],"texture":"#1"},"east":{"uv":[5,3.75,5.5,5.75],"texture":"#1"},"south":{"uv":[6.5,0,6.75,2],"texture":"#1"},"west":{"uv":[5.5,0,6,2],"texture":"#1"},"up":{"uv":[7.5,8.25,7.25,7.75],"texture":"#1"},"down":{"uv":[7.75,7.75,7.5,8.25],"texture":"#1"}}},{"from":[5.75,0,2.8],"to":[10.2,10.4,3.05],"rotation":{"angle":0,"axis":"y","origin":[4.2,0,0]},"faces":{"north":{"uv":[0,0,1,2.5],"texture":"#1"},"east":{"uv":[2.25,5.75,2.5,8.25],"texture":"#1"},"south":{"uv":[1,0,2,2.5],"texture":"#1"},"west":{"uv":[2.5,5.75,2.75,8.25],"texture":"#1"},"up":{"uv":[8,2.25,7,2],"texture":"#1"},"down":{"uv":[8,2.25,7,2.5],"texture":"#1"}}},{"from":[5.75,0,13],"to":[10.2,10.4,13.25],"rotation":{"angle":0,"axis":"y","origin":[4.2,0,0]},"faces":{"north":{"uv":[2,0,3,2.5],"texture":"#1"},"east":{"uv":[2.75,5.75,3,8.25],"texture":"#1"},"south":{"uv":[0,2.5,1,5],"texture":"#1"},"west":{"uv":[3,5.75,3.25,8.25],"texture":"#1"},"up":{"uv":[8,2.75,7,2.5],"texture":"#1"},"down":{"uv":[8,2.75,7,3],"texture":"#1"}}},{"from":[9.95,8.6,3],"to":[10.2,10.4,13.05],"rotation":{"angle":0,"axis":"y","origin":[4.2,0,0]},"faces":{"north":{"uv":[7.75,7.5,8,8],"texture":"#1"},"east":{"uv":[3.5,2.75,6,3.25],"texture":"#1"},"south":{"uv":[8,0,8.25,0.5],"texture":"#1"},"west":{"uv":[3.5,3.25,6,3.75],"texture":"#1"},"up":{"uv":[3.5,8.25,3.25,5.75],"texture":"#1"},"down":{"uv":[3.75,5.75,3.5,8.25],"texture":"#1"}}},{"from":[9.95,9.2,-3],"to":[10.2,10.2,-1.95],"rotation":{"angle":45,"axis":"x","origin":[4.2,0,0]},"faces":{"north":{"uv":[8.25,0.75,8.5,1],"texture":"#1"},"east":{"uv":[1,8.25,1.25,8.5],"texture":"#1"},"south":{"uv":[8.25,1,8.5,1.25],"texture":"#1"},"west":{"uv":[1.25,8.25,1.5,8.5],"texture":"#1"},"up":{"uv":[8.5,1.5,8.25,1.25],"texture":"#1"},"down":{"uv":[1.75,8.25,1.5,8.5],"texture":"#1"}}},{"from":[9.95,9.2,5],"to":[10.2,10.2,6.05],"rotation":{"angle":45,"axis":"x","origin":[4.2,0,0]},"faces":{"north":{"uv":[8.25,1.5,8.5,1.75],"texture":"#1"},"east":{"uv":[1.75,8.25,2,8.5],"texture":"#1"},"south":{"uv":[8.25,1.75,8.5,2],"texture":"#1"},"west":{"uv":[2,8.25,2.25,8.5],"texture":"#1"},"up":{"uv":[8.5,2.25,8.25,2],"texture":"#1"},"down":{"uv":[2.5,8.25,2.25,8.5],"texture":"#1"}}},{"from":[9.95,3.8,1],"to":[10.2,6.2,2.05],"rotation":{"angle":45,"axis":"x","origin":[4.2,0,0]},"faces":{"north":{"uv":[0.25,8,0.5,8.5],"texture":"#1"},"east":{"uv":[0.5,8,0.75,8.5],"texture":"#1"},"south":{"uv":[8,0.5,8.25,1],"texture":"#1"},"west":{"uv":[0.75,8,1,8.5],"texture":"#1"},"up":{"uv":[8.5,2.5,8.25,2.25],"texture":"#1"},"down":{"uv":[2.75,8.25,2.5,8.5],"texture":"#1"}}},{"from":[9.95,12.6,2],"to":[10.2,13.6,3.05],"rotation":{"angle":45,"axis":"x","origin":[4.2,0,0]},"faces":{"north":{"uv":[8.25,2.5,8.5,2.75],"texture":"#1"},"east":{"uv":[2.75,8.25,3,8.5],"texture":"#1"},"south":{"uv":[8.25,2.75,8.5,3],"texture":"#1"},"west":{"uv":[3,8.25,3.25,8.5],"texture":"#1"},"up":{"uv":[8.5,3.25,8.25,3],"texture":"#1"},"down":{"uv":[3.5,8.25,3.25,8.5],"texture":"#1"}}},{"from":[9.95,13.2,1],"to":[10.2,14.2,2.05],"rotation":{"angle":45,"axis":"x","origin":[4.2,0,0]},"faces":{"north":{"uv":[8.25,3.25,8.5,3.5],"texture":"#1"},"east":{"uv":[3.5,8.25,3.75,8.5],"texture":"#1"},"south":{"uv":[8.25,3.5,8.5,3.75],"texture":"#1"},"west":{"uv":[3.75,8.25,4,8.5],"texture":"#1"},"up":{"uv":[8.5,4,8.25,3.75],"texture":"#1"},"down":{"uv":[4.25,8.25,4,8.5],"texture":"#1"}}},{"from":[9.95,10.2,2],"to":[10.2,12.6,5.75],"rotation":{"angle":45,"axis":"x","origin":[4.2,0,0]},"faces":{"north":{"uv":[8,1,8.25,1.5],"texture":"#1"},"east":{"uv":[6,2,7,2.5],"texture":"#1"},"south":{"uv":[8,1.75,8.25,2.25],"texture":"#1"},"west":{"uv":[6,2.5,7,3],"texture":"#1"},"up":{"uv":[7.25,4,7,3],"texture":"#1"},"down":{"uv":[7.25,4,7,5],"texture":"#1"}}},{"from":[6,12,-0.9],"to":[10,14,4.1],"rotation":{"angle":22.5,"axis":"x","origin":[0,0,0]},"faces":{"north":{"uv":[5.5,12,7.5,13],"texture":"#0"},"east":{"uv":[5.5,11,8,12],"texture":"#0"},"south":{"uv":[7.5,12,9.5,13],"texture":"#0"},"west":{"uv":[8,11,10.5,12],"texture":"#0"},"up":{"uv":[10,8.5,8,6],"texture":"#0"},"down":{"uv":[10,8.5,8,11],"texture":"#0"}}},{"from":[6,0,3],"to":[10,12,13],"faces":{"north":{"uv":[0,6,2,12],"texture":"#0"},"east":{"uv":[0,0,5,6],"texture":"#0"},"south":{"uv":[2,6,4,12],"texture":"#0"},"west":{"uv":[5,0,10,6],"texture":"#0"},"up":{"uv":[6,11,4,6],"texture":"#0"},"down":{"uv":[8,6,6,11],"texture":"#0"}}},{"from":[6,6,11.5],"to":[10,8,16.6],"rotation":{"angle":-22.5,"axis":"x","origin":[0,0,0]},"faces":{"north":{"uv":[9.5,12,11.5,13],"texture":"#0"},"east":{"uv":[10.5,11,13,12],"texture":"#0"},"south":{"uv":[11.5,12,13.5,13],"texture":"#0"},"west":{"uv":[11.5,9,14,10],"texture":"#0"},"up":{"uv":[12,2.5,10,0],"texture":"#0"},"down":{"uv":[12,2.5,10,5],"texture":"#0"}}},{"from":[6.75,10.1,8.5],"to":[9.25,11,12.1],"rotation":{"angle":-22.5,"axis":"x","origin":[0,0,0]},"faces":{"north":{"uv":[4,13,5.5,13.5],"texture":"#0"},"east":{"uv":[12.5,8.5,14.5,9],"texture":"#0"},"south":{"uv":[5.5,13,7,13.5],"texture":"#0"},"west":{"uv":[0,13,2,13.5],"texture":"#0"},"up":{"uv":[11.5,11,10,9],"texture":"#0"},"down":{"uv":[5.5,11,4,13],"texture":"#0"}}},{"from":[5.75,10.75,-2.25],"to":[10.25,14.35,-0.6],"rotation":{"angle":22.5,"axis":"x","origin":[0,0,0]},"faces":{"north":{"uv":[10,5,12.5,7],"texture":"#0"},"east":{"uv":[12.5,4.5,13.5,6.5],"texture":"#0"},"south":{"uv":[10,7,12.5,9],"texture":"#0"},"west":{"uv":[12.5,6.5,13.5,8.5],"texture":"#0"},"up":{"uv":[14,11,11.5,10],"texture":"#0"},"down":{"uv":[2.5,12,0,13],"texture":"#0"}}},{"from":[6.75,16.5,3.4],"to":[9.25,17.4,6.1],"rotation":{"angle":22.5,"axis":"x","origin":[0,0,0]},"faces":{"north":{"uv":[7,13,8.5,13.5],"texture":"#0"},"east":{"uv":[8.5,13,10,13.5],"texture":"#0"},"south":{"uv":[10,13,11.5,13.5],"texture":"#0"},"west":{"uv":[13,11,14.5,11.5],"texture":"#0"},"up":{"uv":[13.5,1.5,12,0],"texture":"#0"},"down":{"uv":[13.5,1.5,12,3],"texture":"#0"}}},{"from":[6.75,13.9,7],"to":[9.25,14.8,9.8],"faces":{"north":{"uv":[11.5,13,13,13.5],"texture":"#0"},"east":{"uv":[13,11.5,14.5,12],"texture":"#0"},"south":{"uv":[13,13,14.5,13.5],"texture":"#0"},"west":{"uv":[0,13.5,1.5,14],"texture":"#0"},"up":{"uv":[4,13.5,2.5,12],"texture":"#0"},"down":{"uv":[13.5,3,12,4.5],"texture":"#0"}}}],"display":{"thirdperson_righthand":{"rotation":[77,0,0],"translation":[0,-3.25,-3],"scale":[0.50977,0.67383,0.72852]},"thirdperson_lefthand":{"rotation":[84.35,2.51,-0.41],"translation":[0,-1.75,-3.25],"scale":[0.75586,0.61523,0.62695]},"firstperson_righthand":{"translation":[1.5,-1.25,0]},"firstperson_lefthand":{"translation":[0.75,-0.5,0]},"ground":{"rotation":[0.38,1.14,90.76]},"gui":{"rotation":[0,88,0],"translation":[0.75,0,0]},"head":{"translation":[0,3.75,-0.5]},"fixed":{"rotation":[-180,87.25,-180]}},"groups":[{"name":"over","origin":[0,0,0],"color":0,"children":[0,1,2,3,4,5,6,7,8,9,10,11,12,13,14,15,16,17,18,19,20,21,22,23,24,25,26,27,28,29,30,31,32,33]},{"name":"main","origin":[0,0,0],"color":0,"children":[34,35,36,37,38,39,40]}]}