{"credit":"Made with Blockbench","texture_size":[64,64],"textures":{"0":"nlwar:blocks/witch_cauldron","1":"nlwar:blocks/oli","particle":"nlwar:blocks/witch_cauldron"},"elements":[{"from":[1,3,1],"to":[15,11,15],"rotation":{"angle":0,"axis":"y","origin":[1,3,1]},"faces":{"north":{"uv":[7,2.25,10.5,4.25],"texture":"#0"},"east":{"uv":[0,7.5,3.5,9.5],"texture":"#0"},"south":{"uv":[7,2.25,10.5,4.25],"texture":"#0"},"west":{"uv":[0,7.5,3.5,9.5],"texture":"#0"},"up":{"uv":[3.5,3.5,0,0],"texture":"#0"},"down":{"uv":[3.5,3.75,0,7.25],"texture":"#0"}}},{"from":[-1,6.2,8],"to":[1,9.2,8],"rotation":{"angle":0,"axis":"y","origin":[1,3,1]},"faces":{"north":{"uv":[11,12.25,10.5,13],"texture":"#0"},"east":{"uv":[12.5,7.5,12.5,8.25],"texture":"#0"},"south":{"uv":[12.75,11,12.25,11.75],"texture":"#0"},"west":{"uv":[12.75,7.5,12.75,8.25],"texture":"#0"},"up":{"uv":[2,9.75,1.5,9.75],"texture":"#0"},"down":{"uv":[2.75,9.75,2.25,9.75],"texture":"#0"}}},{"from":[16.19396,4.16142,6.5],"to":[16.19396,8.16142,9.5],"rotation":{"angle":22.5,"axis":"z","origin":[16.19396,6.96142,8]},"faces":{"north":{"uv":[7.75,13,7.75,14],"texture":"#0"},"east":{"uv":[10.75,7.25,11.5,8.25],"texture":"#0"},"south":{"uv":[8,13,8,14],"texture":"#0"},"west":{"uv":[10.75,7.25,11.5,8.25],"texture":"#0"},"up":{"uv":[8.25,13.75,8.25,13],"texture":"#0"},"down":{"uv":[8.5,13,8.5,13.75],"texture":"#0"}}},{"from":[15,6.2,8],"to":[17,9.2,8],"rotation":{"angle":0,"axis":"y","origin":[-0.25,7.75,8]},"faces":{"north":{"uv":[10.5,12.25,11,13],"texture":"#0"},"east":{"uv":[7.5,13,7.5,13.75],"texture":"#0"},"south":{"uv":[12.25,11,12.75,11.75],"texture":"#0"},"west":{"uv":[13,7.5,13,8.25],"texture":"#0"},"up":{"uv":[3.5,9.75,3,9.75],"texture":"#0"},"down":{"uv":[2,10,1.5,10],"texture":"#0"}}},{"from":[-0.3,4.2,6.5],"to":[-0.3,8.2,9.5],"rotation":{"angle":-22.5,"axis":"z","origin":[-0.3,7,8]},"faces":{"north":{"uv":[12.75,8.5,12.75,9.5],"texture":"#0"},"east":{"uv":[10.75,7.25,11.5,8.25],"texture":"#0"},"south":{"uv":[12.75,12,12.75,13],"texture":"#0"},"west":{"uv":[10.75,7.25,11.5,8.25],"texture":"#0"},"up":{"uv":[13,4.5,13,3.75],"texture":"#0"},"down":{"uv":[13,4.75,13,5.5],"texture":"#0"}}},{"from":[2,-0.6,2],"to":[4,4,4],"rotation":{"angle":-22.5,"axis":"z","origin":[3,1.5,3.5]},"faces":{"north":{"uv":[6,11,6.5,12.25],"texture":"#0"},"east":{"uv":[6.75,11,7.25,12.25],"texture":"#0"},"south":{"uv":[11.5,10.75,12,12],"texture":"#0"},"west":{"uv":[11.75,2.25,12.25,3.5],"texture":"#0"},"up":{"uv":[13,2.75,12.5,2.25],"texture":"#0"},"down":{"uv":[3.5,12.5,3,13],"texture":"#0"}}},{"from":[12,-0.6,2],"to":[14,4,4],"rotation":{"angle":22.5,"axis":"z","origin":[13,1.5,3.5]},"faces":{"north":{"uv":[6,11,6.5,12.25],"texture":"#0"},"east":{"uv":[6.75,11,7.25,12.25],"texture":"#0"},"south":{"uv":[11.5,10.75,12,12],"texture":"#0"},"west":{"uv":[11.75,2.25,12.25,3.5],"texture":"#0"},"up":{"uv":[13,2.75,12.5,2.25],"texture":"#0"},"down":{"uv":[3.5,12.5,3,13],"texture":"#0"}}},{"from":[2,-0.6,12],"to":[4,4,14],"rotation":{"angle":-22.5,"axis":"z","origin":[3,1.5,13.5]},"faces":{"north":{"uv":[6,11,6.5,12.25],"texture":"#0"},"east":{"uv":[6.75,11,7.25,12.25],"texture":"#0"},"south":{"uv":[11.5,10.75,12,12],"texture":"#0"},"west":{"uv":[11.75,2.25,12.25,3.5],"texture":"#0"},"up":{"uv":[13,2.75,12.5,2.25],"texture":"#0"},"down":{"uv":[3.5,12.5,3,13],"texture":"#0"}}},{"from":[12,-0.6,12],"to":[14,4,14],"rotation":{"angle":22.5,"axis":"z","origin":[13,1.5,13.5]},"faces":{"north":{"uv":[6,11,6.5,12.25],"texture":"#0"},"east":{"uv":[6.75,11,7.25,12.25],"texture":"#0"},"south":{"uv":[11.5,10.75,12,12],"texture":"#0"},"west":{"uv":[11.75,2.25,12.25,3.5],"texture":"#0"},"up":{"uv":[13,2.75,12.5,2.25],"texture":"#0"},"down":{"uv":[3.5,12.5,3,13],"texture":"#0"}}},{"from":[1,13,1],"to":[3,15,15],"rotation":{"angle":0,"axis":"y","origin":[1,3,1]},"faces":{"north":{"uv":[11.5,3.75,12,4.25],"texture":"#0"},"east":{"uv":[7.5,8.5,11,9],"texture":"#0"},"south":{"uv":[12.25,3.75,12.75,4.25],"texture":"#0"},"west":{"uv":[3.75,8.75,7.25,9.25],"texture":"#0"},"up":{"uv":[8,12.75,7.5,9.25],"texture":"#0"},"down":{"uv":[8.75,9.25,8.25,12.75],"texture":"#0"}}},{"from":[13,13,1],"to":[15,15,15],"rotation":{"angle":0,"axis":"y","origin":[13,3,1]},"faces":{"north":{"uv":[4.5,12.5,5,13],"texture":"#0"},"east":{"uv":[9,9.25,12.5,9.75],"texture":"#0"},"south":{"uv":[5.25,12.5,5.75,13],"texture":"#0"},"west":{"uv":[3.75,9.5,7.25,10],"texture":"#0"},"up":{"uv":[0.5,13.25,0,9.75],"texture":"#0"},"down":{"uv":[1.25,9.75,0.75,13.25],"texture":"#0"}}},{"from":[3,13,1],"to":[13,15,3],"rotation":{"angle":0,"axis":"y","origin":[13,3,1]},"faces":{"north":{"uv":[9,10,11.5,10.5],"texture":"#0"},"east":{"uv":[6,12.5,6.5,13],"texture":"#0"},"south":{"uv":[1.5,10.25,4,10.75],"texture":"#0"},"west":{"uv":[12.5,6,13,6.5],"texture":"#0"},"up":{"uv":[6.75,10.75,4.25,10.25],"texture":"#0"},"down":{"uv":[12.75,4.5,10.25,5],"texture":"#0"}}},{"from":[3,13,13],"to":[13,15,15],"rotation":{"angle":0,"axis":"y","origin":[13,3,13]},"faces":{"north":{"uv":[10.25,5.25,12.75,5.75],"texture":"#0"},"east":{"uv":[6.75,12.5,7.25,13],"texture":"#0"},"south":{"uv":[10.75,0,13.25,0.5],"texture":"#0"},"west":{"uv":[12.5,6.75,13,7.25],"texture":"#0"},"up":{"uv":[13.25,1.25,10.75,0.75],"texture":"#0"},"down":{"uv":[13.25,1.5,10.75,2],"texture":"#0"}}},{"from":[2,11,2],"to":[14,14,14],"rotation":{"angle":0,"axis":"y","origin":[1,3,1]},"faces":{"north":{"uv":[7,4.5,10,5.25],"texture":"#0"},"east":{"uv":[7,5.5,10,6.25],"texture":"#0"},"south":{"uv":[7.5,6.5,10.5,7.25],"texture":"#0"},"west":{"uv":[7.5,7.5,10.5,8.25],"texture":"#0"},"up":{"uv":[6.75,3,3.75,0],"texture":"#0"},"down":{"uv":[6.75,3.25,3.75,6.25],"texture":"#0"}}},{"from":[4,15,8],"to":[13,23,8],"rotation":{"angle":0,"axis":"y","origin":[6,14,8]},"faces":{"north":{"uv":[0,0,16,16],"texture":"#1"},"east":{"uv":[0,0,0,4],"texture":"#1"},"south":{"uv":[16,0,0,16],"texture":"#1"},"west":{"uv":[0,0,0,4],"texture":"#1"},"up":{"uv":[0,0,4.25,0],"texture":"#1"},"down":{"uv":[0,0,4.25,0],"texture":"#1"}}},{"from":[8.5,12,3.5],"to":[8.5,20,12.5],"rotation":{"angle":0,"axis":"y","origin":[8.5,18,8]},"faces":{"north":{"uv":[0,0,0,4],"texture":"#1"},"east":{"uv":[16,0,0,16],"texture":"#1"},"south":{"uv":[0,0,0,4],"texture":"#1"},"west":{"uv":[0,0,16,16],"texture":"#1"},"up":{"uv":[0,0,4.25,0],"rotation":270,"texture":"#1"},"down":{"uv":[0,0,4.25,0],"rotation":90,"texture":"#1"}}}]}