{"sources":[{"type":"paletted_permutations","textures":["mythic:trims/models/armor/kf2","mythic:trims/models/armor/kf2_leggings","mythic:trims/models/armor/kf4","mythic:trims/models/armor/kf4_leggings","mythic:trims/models/armor/mk5","mythic:trims/models/armor/mk5_leggings","mythic:trims/models/armor/kf1","mythic:trims/models/armor/kf1_leggings","mythic:trims/models/armor/kf3","mythic:trims/models/armor/kf3_leggings","mythic:trims/models/armor/mk2","mythic:trims/models/armor/mk2_leggings","mythic:trims/models/armor/mk5","mythic:trims/models/armor/mk5_leggings","mythic:trims/models/armor/mk3","mythic:trims/models/armor/mk3_leggings","mythic:trims/models/armor/mk4","mythic:trims/models/armor/mk4_leggings","mythic:trims/models/armor/kf5","mythic:trims/models/armor/kf5_leggings","mythic:trims/models/armor/kf1","mythic:trims/models/armor/kf1_leggings","mythic:trims/models/armor/mk6","mythic:trims/models/armor/mk6_leggings","mythic:trims/models/armor/mk6","mythic:trims/models/armor/mk6_leggings","mythic:trims/models/armor/mk4","mythic:trims/models/armor/mk4_leggings","mythic:trims/models/armor/mk3","mythic:trims/models/armor/mk3_leggings","mythic:trims/models/armor/mk6","mythic:trims/models/armor/mk6_leggings","mythic:trims/models/armor/kf5","mythic:trims/models/armor/kf5_leggings","mythic:trims/models/armor/mk1","mythic:trims/models/armor/mk1_leggings","mythic:trims/models/armor/mk5","mythic:trims/models/armor/mk5_leggings","mythic:trims/models/armor/kf2","mythic:trims/models/armor/kf2_leggings","mythic:trims/models/armor/kf4","mythic:trims/models/armor/kf4_leggings","mythic:trims/models/armor/mk3","mythic:trims/models/armor/mk3_leggings","mythic:trims/models/armor/kf4","mythic:trims/models/armor/kf4_leggings","mythic:trims/models/armor/mk1","mythic:trims/models/armor/mk1_leggings","mythic:trims/models/armor/mk4","mythic:trims/models/armor/mk4_leggings","mythic:trims/models/armor/kf5","mythic:trims/models/armor/kf5_leggings","mythic:trims/models/armor/mk2","mythic:trims/models/armor/mk2_leggings","mythic:trims/models/armor/mk1","mythic:trims/models/armor/mk1_leggings","mythic:trims/models/armor/mk2","mythic:trims/models/armor/mk2_leggings","mythic:trims/models/armor/kf3","mythic:trims/models/armor/kf3_leggings","mythic:trims/models/armor/kf5","mythic:trims/models/armor/kf5_leggings","mythic:trims/models/armor/kf2","mythic:trims/models/armor/kf2_leggings","mythic:trims/models/armor/mk1","mythic:trims/models/armor/mk1_leggings","mythic:trims/models/armor/kf1","mythic:trims/models/armor/kf1_leggings","mythic:trims/models/armor/kf3","mythic:trims/models/armor/kf3_leggings","mythic:trims/models/armor/mk2","mythic:trims/models/armor/mk2_leggings","mythic:trims/models/armor/mk4","mythic:trims/models/armor/mk4_leggings","mythic:trims/models/armor/kf4","mythic:trims/models/armor/kf4_leggings","mythic:trims/models/armor/kf2","mythic:trims/models/armor/kf2_leggings","mythic:trims/models/armor/kf3","mythic:trims/models/armor/kf3_leggings","mythic:trims/models/armor/mk5","mythic:trims/models/armor/mk5_leggings","mythic:trims/models/armor/kf1","mythic:trims/models/armor/kf1_leggings","mythic:trims/models/armor/mk3","mythic:trims/models/armor/mk3_leggings","mythic:trims/models/armor/mk6","mythic:trims/models/armor/mk6_leggings"],"palette_key":"mythic:trims/color_palettes/trim_palette_armor","permutations":{"custom_armor":"mythic:trims/color_palettes/custom_armor"}}]}