{"credit":"Made with Blockbench","texture_size":[64,64],"textures":{"0":"hmccosmetics:item/boobs4","particle":"hmccosmetics:item/boobs4"},"elements":[{"from":[2.1,1.2,2.8],"to":[7.1,5,3],"rotation":{"angle":45,"axis":"x","origin":[4,0,8]},"faces":{"north":{"uv":[3.75,3.75,5,4.75],"texture":"#0"},"east":{"uv":[3.25,5,3.5,6],"texture":"#0"},"south":{"uv":[4.25,2.5,5.5,3.5],"texture":"#0"},"west":{"uv":[3.5,5,3.75,6],"texture":"#0"},"up":{"uv":[5.5,3.75,4.25,3.5],"texture":"#0"},"down":{"uv":[5.75,2,4.5,2.25],"texture":"#0"}}},{"from":[8.4,0,3],"to":[14.4,5,8],"rotation":{"angle":45,"axis":"x","origin":[12,0,8]},"faces":{"north":{"uv":[1.5,0,0,1.25],"texture":"#0"},"east":{"uv":[1.25,3.75,0,5],"texture":"#0"},"south":{"uv":[1.5,1.25,0,2.5],"texture":"#0"},"west":{"uv":[4.25,2.5,3,3.75],"texture":"#0"},"up":{"uv":[1.5,1.25,3,0],"texture":"#0"},"down":{"uv":[1.5,1.25,3,2.5],"texture":"#0"}}},{"from":[1.6,0,3],"to":[7.6,5,8],"rotation":{"angle":45,"axis":"x","origin":[4,0,8]},"faces":{"north":{"uv":[0,0,1.5,1.25],"texture":"#0"},"east":{"uv":[3,2.5,4.25,3.75],"texture":"#0"},"south":{"uv":[0,1.25,1.5,2.5],"texture":"#0"},"west":{"uv":[0,3.75,1.25,5],"texture":"#0"},"up":{"uv":[3,1.25,1.5,0],"texture":"#0"},"down":{"uv":[3,1.25,1.5,2.5],"texture":"#0"}}},{"from":[9.4,-0.3,4],"to":[13.4,0,8],"rotation":{"angle":45,"axis":"x","origin":[12,0,8]},"faces":{"north":{"uv":[3.25,5.25,2.25,5.5],"texture":"#0"},"east":{"uv":[6.25,4.25,5.25,4.5],"texture":"#0"},"south":{"uv":[6.25,4,5.25,4.25],"texture":"#0"},"west":{"uv":[6.25,3.75,5.25,4],"texture":"#0"},"up":{"uv":[3.75,5.75,4.75,4.75],"texture":"#0"},"down":{"uv":[4.75,4.75,5.75,5.75],"texture":"#0"}}},{"from":[2.6,-0.3,4],"to":[6.6,0,8],"rotation":{"angle":45,"axis":"x","origin":[4,0,8]},"faces":{"north":{"uv":[2.25,5.25,3.25,5.5],"texture":"#0"},"east":{"uv":[5.25,3.75,6.25,4],"texture":"#0"},"south":{"uv":[5.25,4,6.25,4.25],"texture":"#0"},"west":{"uv":[5.25,4.25,6.25,4.5],"texture":"#0"},"up":{"uv":[4.75,5.75,3.75,4.75],"texture":"#0"},"down":{"uv":[5.75,4.75,4.75,5.75],"texture":"#0"}}},{"from":[8.9,1.2,2.8],"to":[13.9,5,3],"rotation":{"angle":45,"axis":"x","origin":[12,0,8]},"faces":{"north":{"uv":[5,3.75,3.75,4.75],"texture":"#0"},"east":{"uv":[3.75,5,3.5,6],"texture":"#0"},"south":{"uv":[5.5,2.5,4.25,3.5],"texture":"#0"},"west":{"uv":[3.5,5,3.25,6],"texture":"#0"},"up":{"uv":[4.25,3.75,5.5,3.5],"texture":"#0"},"down":{"uv":[4.5,2,5.75,2.25],"texture":"#0"}}},{"from":[1.6,3.6,8],"to":[1.6,4.4,13.8],"faces":{"north":{"uv":[0,0,0,0.2],"texture":"#0"},"east":{"uv":[1.5,0,2.95,0.2],"texture":"#0"},"south":{"uv":[0,0,0,0.2],"texture":"#0"},"west":{"uv":[1.5,0,2.95,0.2],"texture":"#0"},"up":{"uv":[0,0,0,1.45],"texture":"#0"},"down":{"uv":[0,0,0,1.45],"texture":"#0"}}},{"from":[1.6,3.6,13.8],"to":[14.4,4.4,13.8],"faces":{"north":{"uv":[6.25,4,9.5,4.25],"texture":"#0"},"east":{"uv":[0,0,0,0.25],"texture":"#0"},"south":{"uv":[6.25,4.25,9.5,4.5],"texture":"#0"},"west":{"uv":[0,0,0,0.25],"texture":"#0"},"up":{"uv":[3.25,0,0,0],"texture":"#0"},"down":{"uv":[3.25,0,0,0],"texture":"#0"}}},{"from":[11.5,10.2,7.3],"to":[12.3,10.2,13.8],"faces":{"north":{"uv":[0,0,0.25,0],"texture":"#0"},"east":{"uv":[0,2.25,1.5,1.5],"texture":"#0"},"south":{"uv":[0,0,0.25,0],"texture":"#0"},"west":{"uv":[0,1.5,1.5,2.25],"texture":"#0"},"up":{"uv":[4.25,8.5,4,7],"texture":"#0"},"down":{"uv":[4.5,7,4.25,8.5],"texture":"#0"}}},{"from":[3.7,10.2,7.3],"to":[4.5,10.2,13.8],"faces":{"north":{"uv":[0,0,0.25,0],"texture":"#0"},"east":{"uv":[0,1.5,1.5,1.75],"texture":"#0"},"south":{"uv":[0,0,0.25,0],"texture":"#0"},"west":{"uv":[0,1.5,1.5,2],"texture":"#0"},"up":{"uv":[4.25,8.5,4,7],"texture":"#0"},"down":{"uv":[4.5,7,4.25,8.5],"texture":"#0"}}},{"from":[14.4,3.6,8],"to":[14.4,4.4,13.8],"rotation":{"angle":0,"axis":"y","origin":[16,0,0]},"faces":{"north":{"uv":[0,0,0,0.2],"texture":"#0"},"east":{"uv":[1.45,1.25,0,1.45],"texture":"#0"},"south":{"uv":[0,0,0,0.2],"texture":"#0"},"west":{"uv":[1.45,1.25,0,1.45],"texture":"#0"},"up":{"uv":[0,0,0,1.45],"texture":"#0"},"down":{"uv":[0,0,0,1.45],"texture":"#0"}}},{"from":[11.5,4.4,7.3],"to":[12.3,10.2,7.3],"faces":{"north":{"uv":[0.25,1.5,0.45,2.45],"texture":"#0"},"east":{"uv":[0.75,1.75,1.25,2.45],"texture":"#0"},"south":{"uv":[0.5,1.75,0.7,2.45],"texture":"#0"},"west":{"uv":[0,1.75,0.25,2.45],"texture":"#0"},"up":{"uv":[0,0,0.2,0],"texture":"#0"},"down":{"uv":[0,0,0.2,0],"texture":"#0"}}},{"from":[3.7,4.4,7.3],"to":[4.5,10.2,7.3],"rotation":{"angle":0,"axis":"y","origin":[16,0,0]},"faces":{"north":{"uv":[0.2,1.25,0,1.45],"texture":"#0"},"east":{"uv":[0,0,0,1.45],"texture":"#0"},"south":{"uv":[0.2,2,0,1.45],"texture":"#0"},"west":{"uv":[0,0,0,1.45],"texture":"#0"},"up":{"uv":[0.2,0,0,0],"texture":"#0"},"down":{"uv":[0.2,0,0,0],"texture":"#0"}}},{"from":[11.5,4.4,13.8],"to":[12.3,10.2,13.8],"faces":{"north":{"uv":[0,1.5,0.2,1.45],"texture":"#0"},"east":{"uv":[0,0,0,1.45],"texture":"#0"},"south":{"uv":[0,1.75,0.2,1.45],"texture":"#0"},"west":{"uv":[0,0,0,1.45],"texture":"#0"},"up":{"uv":[0,0,0.2,0],"texture":"#0"},"down":{"uv":[0,0,0.2,0],"texture":"#0"}}},{"from":[3.7,4.4,13.8],"to":[4.5,10.2,13.8],"rotation":{"angle":0,"axis":"y","origin":[16,0,0]},"faces":{"north":{"uv":[0.2,1.75,0,1.45],"texture":"#0"},"east":{"uv":[0,0,0,1.45],"texture":"#0"},"south":{"uv":[0.2,1.5,0,1.45],"texture":"#0"},"west":{"uv":[0,0,0,1.45],"texture":"#0"},"up":{"uv":[0.2,0,0,0],"texture":"#0"},"down":{"uv":[0.2,0,0,0],"texture":"#0"}}}],"display":{"thirdperson_righthand":{"rotation":[68.25,0,0],"translation":[-6,0,10.5],"scale":[0.62305,0.57031,0.64648]},"thirdperson_lefthand":{"rotation":[68.25,0,0],"translation":[-6,0,10.5],"scale":[0.62305,0.57031,0.64648]},"ground":{"rotation":[131.72,-7.73,-6.44],"translation":[0,-4.75,3.75]},"gui":{"rotation":[0,-149,0],"translation":[0.75,3,1],"scale":[0.91,1,1]},"head":{"translation":[0,-54,-2.5]},"fixed":{"translation":[0,4,2],"scale":[1.55469,1.71094,1.65625]}}}