{"credit":"Made by ManningDesign","texture_size":[64,64],"textures":{"1":"hmccosmetics:balloon/bs_balloon_sniffer_texture"},"elements":[{"from":[2,0,3.5],"to":[14,13,19.5],"rotation":{"angle":0,"axis":"y","origin":[0,0,2]},"faces":{"north":{"uv":[0,6.5,3,9.75],"texture":"#1"},"east":{"uv":[0,0,4,3.25],"texture":"#1"},"south":{"uv":[7,0,10,3.25],"texture":"#1"},"west":{"uv":[0,3.25,4,6.5],"texture":"#1"},"up":{"uv":[7,4,4,0],"texture":"#1"},"down":{"uv":[7,4,4,8],"texture":"#1"}}},{"from":[4,0,-8.5],"to":[12,7,-2.5],"rotation":{"angle":0,"axis":"y","origin":[0,-1,3.5]},"faces":{"north":{"uv":[7,7.25,9,9],"texture":"#1"},"east":{"uv":[10,0,11.5,1.75],"texture":"#1"},"south":{"uv":[3,8,5,9.75],"texture":"#1"},"west":{"uv":[9,10.25,10.5,12],"texture":"#1"},"up":{"uv":[7,9.5,5,8],"texture":"#1"},"down":{"uv":[11,3.25,9,4.75],"texture":"#1"}}},{"from":[4,0,-2.5],"to":[12,8,3.5],"rotation":{"angle":0,"axis":"y","origin":[0,-1,3.5]},"faces":{"north":{"uv":[7,3.25,9,5.25],"texture":"#1"},"east":{"uv":[9,4.75,10.5,6.75],"texture":"#1"},"south":{"uv":[7,5.25,9,7.25],"texture":"#1"},"west":{"uv":[9,6.75,10.5,8.75],"texture":"#1"},"up":{"uv":[9,10.5,7,9],"texture":"#1"},"down":{"uv":[11,8.75,9,10.25],"texture":"#1"}}},{"from":[13.98744,-0.50522,-1.5],"to":[15.98744,8.49478,3.5],"rotation":{"angle":22.5,"axis":"z","origin":[14.48744,1.99478,-2]},"faces":{"north":{"uv":[5.5,11.75,6,14],"texture":"#1"},"east":{"uv":[5,9.5,6.25,11.75],"texture":"#1"},"south":{"uv":[12.25,10.75,12.75,13],"texture":"#1"},"west":{"uv":[0,9.75,1.25,12],"texture":"#1"},"up":{"uv":[8,13.75,7.5,12.5],"texture":"#1"},"down":{"uv":[13.25,12.75,12.75,14],"texture":"#1"}}},{"from":[0.01256,-0.50522,-1.5],"to":[2.01256,8.49478,3.5],"rotation":{"angle":-22.5,"axis":"z","origin":[1.51256,1.99478,-2]},"faces":{"north":{"uv":[11.5,12.25,12,14.5],"texture":"#1"},"east":{"uv":[1.25,9.75,2.5,12],"texture":"#1"},"south":{"uv":[6,12.5,6.5,14.75],"texture":"#1"},"west":{"uv":[2.5,9.75,3.75,12],"texture":"#1"},"up":{"uv":[0.5,14.25,0,13],"texture":"#1"},"down":{"uv":[1,13,0.5,14.25],"texture":"#1"}}},{"from":[12.5,-2,15],"to":[19.5,2,19],"rotation":{"angle":-22.5,"axis":"z","origin":[17,2,11.5]},"faces":{"north":{"uv":[11,3.75,12.75,4.75],"texture":"#1"},"east":{"uv":[6.5,12.5,7.5,13.5],"texture":"#1"},"south":{"uv":[11,8.75,12.75,9.75],"texture":"#1"},"west":{"uv":[12.75,2,13.75,3],"texture":"#1"},"up":{"uv":[12.25,12.25,10.5,11.25],"texture":"#1"},"down":{"uv":[13.25,0,11.5,1],"texture":"#1"}}},{"from":[-3.5,-2,4],"to":[3.5,2,8],"rotation":{"angle":22.5,"axis":"z","origin":[-1,2,11.5]},"faces":{"north":{"uv":[12.25,6.75,14,7.75],"texture":"#1"},"east":{"uv":[12.75,10.75,13.75,11.75],"texture":"#1"},"south":{"uv":[12.25,7.75,14,8.75],"texture":"#1"},"west":{"uv":[12.75,11.75,13.75,12.75],"texture":"#1"},"up":{"uv":[11.5,13.25,9.75,12.25],"texture":"#1"},"down":{"uv":[14,9.75,12.25,10.75],"texture":"#1"}}},{"from":[-3.5,-2,9.5],"to":[3.5,2,13.5],"rotation":{"angle":22.5,"axis":"z","origin":[-1,2,11.5]},"faces":{"north":{"uv":[1.75,12,3.5,13],"texture":"#1"},"east":{"uv":[4.5,12.75,5.5,13.75],"texture":"#1"},"south":{"uv":[8,12,9.75,13],"texture":"#1"},"west":{"uv":[12.75,8.75,13.75,9.75],"texture":"#1"},"up":{"uv":[14,5.75,12.25,4.75],"texture":"#1"},"down":{"uv":[14,5.75,12.25,6.75],"texture":"#1"}}},{"from":[-3.5,-2,15],"to":[3.5,2,19],"rotation":{"angle":22.5,"axis":"z","origin":[-1,2,11.5]},"faces":{"north":{"uv":[6.25,11.5,8,12.5],"texture":"#1"},"east":{"uv":[12.75,3,13.75,4],"texture":"#1"},"south":{"uv":[11.75,1,13.5,2],"texture":"#1"},"west":{"uv":[3.5,12.75,4.5,13.75],"texture":"#1"},"up":{"uv":[5.5,12.75,3.75,11.75],"texture":"#1"},"down":{"uv":[1.75,12,0,13],"texture":"#1"}}},{"from":[12.5,-2,9.5],"to":[19.5,2,13.5],"rotation":{"angle":-22.5,"axis":"z","origin":[17,2,11.5]},"faces":{"north":{"uv":[10.5,6.75,12.25,7.75],"texture":"#1"},"east":{"uv":[8,10.5,9,11.5],"texture":"#1"},"south":{"uv":[10.5,7.75,12.25,8.75],"texture":"#1"},"west":{"uv":[3.75,10.75,4.75,11.75],"texture":"#1"},"up":{"uv":[12.25,11.25,10.5,10.25],"texture":"#1"},"down":{"uv":[12.75,2.75,11,3.75],"texture":"#1"}}},{"from":[12.5,-2,4],"to":[19.5,2,8],"rotation":{"angle":-22.5,"axis":"z","origin":[17,2,11.5]},"faces":{"north":{"uv":[10,1.75,11.75,2.75],"texture":"#1"},"east":{"uv":[3,6.5,4,7.5],"texture":"#1"},"south":{"uv":[10.5,4.75,12.25,5.75],"texture":"#1"},"west":{"uv":[3.75,9.75,4.75,10.75],"texture":"#1"},"up":{"uv":[12.25,6.75,10.5,5.75],"texture":"#1"},"down":{"uv":[8,10.5,6.25,11.5],"texture":"#1"}}}],"display":{"thirdperson_righthand":{"rotation":[83,0,0],"scale":[0.57,0.57,0.57]},"thirdperson_lefthand":{"rotation":[83,0,0],"scale":[0.57,0.57,0.57]},"firstperson_righthand":{"scale":[0.55,0.55,0.55]},"firstperson_lefthand":{"scale":[0.55,0.55,0.55]},"ground":{"translation":[0,5.5,0],"scale":[0.54,0.54,0.54]},"gui":{"rotation":[35,135,0],"translation":[0,0.75,0],"scale":[0.47,0.47,0.47]},"head":{"translation":[0,6.25,-3.25],"scale":[1.61,1.61,1.61]},"fixed":{"rotation":[0,90,0],"translation":[0,-2.75,0],"scale":[0.65,0.65,0.65]}}}