{"credit":"Made by ManningDesign","texture_size":[64,64],"textures":{"0":"hmccosmetics:balloon/bs_balloon_herding_dog_texture","particle":"hmccosmetics:balloon/bs_balloon_herding_dog_texture"},"elements":[{"from":[4.5,1.53707,3.1281],"to":[11.5,7.53707,14.1281],"rotation":{"angle":22.5,"axis":"x","origin":[8,6.1116,14.28657]},"faces":{"north":{"uv":[3.5,0,5.25,1.5],"texture":"#0"},"east":{"uv":[0,2.75,2.75,4.25],"texture":"#0"},"south":{"uv":[0,4.25,1.75,5.75],"texture":"#0"},"west":{"uv":[2.75,2.75,5.5,4.25],"texture":"#0"},"up":{"uv":[1.75,2.75,0,0],"texture":"#0"},"down":{"uv":[3.5,0,1.75,2.75],"texture":"#0"}}},{"from":[4,1.70711,9.53553],"to":[8,7.70711,15.53553],"rotation":{"angle":22.5,"axis":"x","origin":[8,5.70711,9.53553]},"faces":{"north":{"uv":[1,7.75,2,9.25],"texture":"#0"},"east":{"uv":[5.5,2,7,3.5],"texture":"#0"},"south":{"uv":[2,7.75,3,9.25],"texture":"#0"},"west":{"uv":[5.5,3.5,7,5],"texture":"#0"},"up":{"uv":[4,9.25,3,7.75],"texture":"#0"},"down":{"uv":[9,0,8,1.5],"texture":"#0"}}},{"from":[8,1.70711,9.53553],"to":[12,7.70711,15.53553],"rotation":{"angle":22.5,"axis":"x","origin":[8,5.70711,9.53553]},"faces":{"north":{"uv":[8,3,9,4.5],"texture":"#0"},"east":{"uv":[5.5,5,7,6.5],"texture":"#0"},"south":{"uv":[4,8,5,9.5],"texture":"#0"},"west":{"uv":[0,5.75,1.5,7.25],"texture":"#0"},"up":{"uv":[6,9.5,5,8],"texture":"#0"},"down":{"uv":[7,8,6,9.5],"texture":"#0"}}},{"from":[5,-0.28451,6.54808],"to":[8,2.71549,13.54808],"rotation":{"angle":0,"axis":"y","origin":[-1,-0.28451,2.54808]},"faces":{"north":{"uv":[1.5,10.5,2.25,11.25],"texture":"#0"},"east":{"uv":[3.5,1.5,5.25,2.25],"texture":"#0"},"south":{"uv":[2.25,10.5,3,11.25],"texture":"#0"},"west":{"uv":[8.5,1.5,10.25,2.25],"texture":"#0"},"up":{"uv":[9.25,6.25,8.5,4.5],"texture":"#0"},"down":{"uv":[9.25,6.25,8.5,8],"texture":"#0"}}},{"from":[8,-0.28451,6.54808],"to":[11,2.71549,13.54808],"rotation":{"angle":0,"axis":"y","origin":[-1,-0.28451,2.54808]},"faces":{"north":{"uv":[3,10.5,3.75,11.25],"texture":"#0"},"east":{"uv":[8.5,2.25,10.25,3],"texture":"#0"},"south":{"uv":[10.5,4.25,11.25,5],"texture":"#0"},"west":{"uv":[8.5,8,10.25,8.75],"texture":"#0"},"up":{"uv":[9.25,10.5,8.5,8.75],"texture":"#0"},"down":{"uv":[7.75,9,7,10.75],"texture":"#0"}}},{"from":[8,0.51537,1.65224],"to":[12,8.51537,6.65224],"rotation":{"angle":22.5,"axis":"x","origin":[8,5.76537,3.65224]},"faces":{"north":{"uv":[7,3,8,5],"texture":"#0"},"east":{"uv":[1.75,4.25,3,6.25],"texture":"#0"},"south":{"uv":[0,7.25,1,9.25],"texture":"#0"},"west":{"uv":[3,4.25,4.25,6.25],"texture":"#0"},"up":{"uv":[10,1.25,9,0],"texture":"#0"},"down":{"uv":[10,3,9,4.25],"texture":"#0"}}},{"from":[4,0.51537,1.65224],"to":[8,8.51537,6.65224],"rotation":{"angle":22.5,"axis":"x","origin":[8,5.76537,3.65224]},"faces":{"north":{"uv":[7.5,5,8.5,7],"texture":"#0"},"east":{"uv":[4.25,4.25,5.5,6.25],"texture":"#0"},"south":{"uv":[7.5,7,8.5,9],"texture":"#0"},"west":{"uv":[5.25,0,6.5,2],"texture":"#0"},"up":{"uv":[1,10.5,0,9.25],"texture":"#0"},"down":{"uv":[2,9.25,1,10.5],"texture":"#0"}}},{"from":[6,2.47651,14.4913],"to":[9.95,6.47651,16.4913],"rotation":{"angle":22.5,"axis":"x","origin":[8,6.49428,17.13406]},"faces":{"north":{"uv":[10.25,1.25,11.25,2.25],"texture":"#0"},"east":{"uv":[7,8,7.5,9],"texture":"#0"},"south":{"uv":[10.25,6.25,11.25,7.25],"texture":"#0"},"west":{"uv":[10.5,5,11,6],"texture":"#0"},"up":{"uv":[4.5,2.75,3.5,2.25],"texture":"#0"},"down":{"uv":[5.5,2.25,4.5,2.75],"texture":"#0"}}},{"from":[5,9,0.25],"to":[11,15,6.25],"rotation":{"angle":0,"axis":"y","origin":[0,0,0.25]},"faces":{"north":{"uv":[1.5,6.25,3,7.75],"texture":"#0"},"east":{"uv":[3,6.25,4.5,7.75],"texture":"#0"},"south":{"uv":[6.5,0,8,1.5],"texture":"#0"},"west":{"uv":[4.5,6.5,6,8],"texture":"#0"},"up":{"uv":[7.5,8,6,6.5],"texture":"#0"},"down":{"uv":[8.5,1.5,7,3],"texture":"#0"}}},{"from":[6,9,-1.75],"to":[10,12,0.25],"rotation":{"angle":0,"axis":"y","origin":[8,10.5,-0.75]},"faces":{"north":{"uv":[10.25,2.25,11.25,3],"texture":"#0"},"east":{"uv":[5.75,10.75,6.25,11.5],"texture":"#0"},"south":{"uv":[0,10.5,1,11.25],"texture":"#0"},"west":{"uv":[6.25,10.75,6.75,11.5],"texture":"#0"},"up":{"uv":[10.25,8,9.25,7.5],"texture":"#0"},"down":{"uv":[9.25,10.5,8.25,11],"texture":"#0"}}},{"from":[10.12206,10.78919,1.25],"to":[12.12206,15.78919,5.25],"rotation":{"angle":22.5,"axis":"z","origin":[11.62206,14.78919,3.25]},"faces":{"north":{"uv":[7,5,7.5,6.25],"texture":"#0"},"east":{"uv":[2,9.25,3,10.5],"texture":"#0"},"south":{"uv":[7.75,9,8.25,10.25],"texture":"#0"},"west":{"uv":[3,9.25,4,10.5],"texture":"#0"},"up":{"uv":[4.25,11.75,3.75,10.75],"texture":"#0"},"down":{"uv":[4.75,10.75,4.25,11.75],"texture":"#0"}}},{"from":[3.87794,10.78919,1.25],"to":[5.87794,15.78919,5.25],"rotation":{"angle":-22.5,"axis":"z","origin":[4.37794,14.78919,3.25]},"faces":{"north":{"uv":[7.75,10.25,8.25,11.5],"texture":"#0"},"east":{"uv":[10,3,11,4.25],"texture":"#0"},"south":{"uv":[1,10.5,1.5,11.75],"texture":"#0"},"west":{"uv":[9.25,10,10.25,11.25],"texture":"#0"},"up":{"uv":[5.25,11.75,4.75,10.75],"texture":"#0"},"down":{"uv":[5.75,10.75,5.25,11.75],"texture":"#0"}}},{"from":[6.025,3.94558,13.73018],"to":[9.925,7.94558,18.73018],"rotation":{"angle":-22.5,"axis":"x","origin":[7.975,6.68562,16.67212]},"faces":{"north":{"uv":[10.25,7.25,11.25,8.25],"texture":"#0"},"east":{"uv":[9.25,4.25,10.5,5.25],"texture":"#0"},"south":{"uv":[10.25,8.25,11.25,9.25],"texture":"#0"},"west":{"uv":[9.25,5.25,10.5,6.25],"texture":"#0"},"up":{"uv":[10.25,7.5,9.25,6.25],"texture":"#0"},"down":{"uv":[10.25,8.75,9.25,10],"texture":"#0"}}},{"from":[6.05,6.20339,16.06489],"to":[9.9,11.20339,20.06489],"rotation":{"angle":22.5,"axis":"x","origin":[7.975,6.68562,16.67212]},"faces":{"north":{"uv":[4,9.5,5,10.75],"texture":"#0"},"east":{"uv":[5,9.5,6,10.75],"texture":"#0"},"south":{"uv":[6,9.5,7,10.75],"texture":"#0"},"west":{"uv":[10,0,11,1.25],"texture":"#0"},"up":{"uv":[11.25,10.25,10.25,9.25],"texture":"#0"},"down":{"uv":[11.25,10.25,10.25,11.25],"texture":"#0"}}}],"display":{"thirdperson_righthand":{"rotation":[70,0,0],"scale":[0.57,0.57,0.57]},"thirdperson_lefthand":{"rotation":[70,0,0],"scale":[0.57,0.57,0.57]},"firstperson_righthand":{"scale":[0.55,0.55,0.55]},"firstperson_lefthand":{"scale":[0.55,0.55,0.55]},"ground":{"translation":[0,5.5,0],"scale":[0.54,0.54,0.54]},"gui":{"rotation":[35,135,0],"translation":[-0.25,0.5,0],"scale":[0.55,0.55,0.55]},"head":{"translation":[0,7.25,-0.5],"scale":[1.88,1.88,1.88]},"fixed":{"rotation":[0,90,0],"translation":[0,-2.75,0],"scale":[0.65,0.65,0.65]}}}