{"credit":"Made with Blockbench","texture_size":[128,128],"textures":{"0":"hmccosmetics:item/wingsjdh2","particle":"hmccosmetics:item/wingsjdh2"},"elements":[{"from":[-7.5,-9.6,-13.5],"to":[-7.5,22.4,18.5],"rotation":{"angle":45,"axis":"y","origin":[13,-9.6,3]},"faces":{"north":{"uv":[0,0,0,4],"texture":"#0"},"east":{"uv":[0,0,4,4],"texture":"#0"},"south":{"uv":[0,0,0,4],"texture":"#0"},"west":{"uv":[0,4,4,8],"texture":"#0"},"up":{"uv":[0,4,0,0],"texture":"#0"},"down":{"uv":[0,0,0,4],"texture":"#0"}}},{"from":[-13.1,-9.6,-15.15],"to":[-13.1,22.4,5.85],"rotation":{"angle":0,"axis":"y","origin":[0,-9.6,0]},"faces":{"north":{"uv":[0,0,0,4],"texture":"#0"},"east":{"uv":[4,0,6.625,4],"texture":"#0"},"south":{"uv":[0,0,0,4],"texture":"#0"},"west":{"uv":[4,4,6.625,8],"texture":"#0"},"up":{"uv":[0,2.625,0,0],"texture":"#0"},"down":{"uv":[0,0,0,2.625],"texture":"#0"}}},{"from":[9.4,-9.6,28.4],"to":[30.4,22.4,28.4],"rotation":{"angle":0,"axis":"y","origin":[9,-9.6,25]},"faces":{"north":{"uv":[6.625,0,9.25,4],"texture":"#0"},"east":{"uv":[0,0,0,4],"texture":"#0"},"south":{"uv":[6.625,4,9.25,8],"texture":"#0"},"west":{"uv":[0,0,0,4],"texture":"#0"},"up":{"uv":[2.625,0,0,0],"texture":"#0"},"down":{"uv":[2.625,0,0,0],"texture":"#0"}}},{"from":[-5.57918,10.1,0.77918],"to":[-5.57918,25.1,31.77918],"rotation":{"angle":45,"axis":"y","origin":[0,25,17]},"faces":{"north":{"uv":[0,0,0,1.875],"texture":"#0"},"east":{"uv":[0,8.375,3.875,10.25],"texture":"#0"},"south":{"uv":[0,0,0,1.875],"texture":"#0"},"west":{"uv":[9.25,0,13.125,1.875],"texture":"#0"},"up":{"uv":[0,3.875,0,0],"texture":"#0"},"down":{"uv":[0,0,0,3.875],"texture":"#0"}}}],"display":{"thirdperson_righthand":{"rotation":[90,44,0],"translation":[-5.5,9,-50]},"thirdperson_lefthand":{"rotation":[90,-44,0],"translation":[-6.25,6,-50]},"firstperson_righthand":{"rotation":[180,0,0],"translation":[0,6.25,-13],"scale":[0,0,0]},"firstperson_lefthand":{"scale":[0,0,0]},"ground":{"scale":[0.5,0.5,0.5]},"gui":{"rotation":[-3,-140,0],"scale":[0.25,0.25,0.25]},"head":{"rotation":[0,45,0],"translation":[0,-50,-21],"scale":[1.5,1.5,1.5]}}}