{"credit":"Made with Blockbench","texture_size":[32,32],"textures":{"0":"hmccosmetics:item/mask","particle":"hmccosmetics:item/mask"},"elements":[{"from":[4,0,6],"to":[12,8,7],"faces":{"north":{"uv":[0,0,4,4],"texture":"#0"},"east":{"uv":[5.5,0,6,4],"texture":"#0"},"south":{"uv":[0,4,4,8],"texture":"#0"},"west":{"uv":[5.5,4,6,8],"texture":"#0"},"up":{"uv":[10,0.5,6,0],"texture":"#0"},"down":{"uv":[10,0.5,6,1],"texture":"#0"}}},{"from":[4,0,5],"to":[6,3,7],"faces":{"north":{"uv":[6,1,7,2.5],"texture":"#0"},"east":{"uv":[6,2.5,7,4],"texture":"#0"},"south":{"uv":[4,6,5,7.5],"texture":"#0"},"west":{"uv":[6,4,7,5.5],"texture":"#0"},"up":{"uv":[8,2,7,1],"texture":"#0"},"down":{"uv":[8,2,7,3],"texture":"#0"}}},{"from":[10,0,5],"to":[12,3,7],"faces":{"north":{"uv":[4,0,5,1.5],"texture":"#0"},"east":{"uv":[4,1.5,5,3],"texture":"#0"},"south":{"uv":[4,3,5,4.5],"texture":"#0"},"west":{"uv":[4,4.5,5,6],"texture":"#0"},"up":{"uv":[7,6.5,6,5.5],"texture":"#0"},"down":{"uv":[7,6.5,6,7.5],"texture":"#0"}}},{"from":[4,6,7],"to":[12,8,9],"faces":{"north":{"uv":[7,7,11,8],"texture":"#0"},"east":{"uv":[4,7.5,5,8.5],"texture":"#0"},"south":{"uv":[0,8,4,9],"texture":"#0"},"west":{"uv":[6,7.5,7,8.5],"texture":"#0"},"up":{"uv":[12,2,8,1],"texture":"#0"},"down":{"uv":[12,2,8,3],"texture":"#0"}}},{"from":[12,0,7],"to":[12,3,11],"faces":{"north":{"uv":[0,0,0,1.5],"texture":"#0"},"east":{"uv":[7,8,9,9.5],"texture":"#0"},"south":{"uv":[0,0,0,1.5],"texture":"#0"},"west":{"uv":[4,8.5,6,10],"texture":"#0"},"up":{"uv":[0,2,0,0],"texture":"#0"},"down":{"uv":[0,0,0,2],"texture":"#0"}}},{"from":[4,0,7],"to":[4,3,11],"faces":{"north":{"uv":[0,0,0,1.5],"texture":"#0"},"east":{"uv":[7,3,9,4.5],"texture":"#0"},"south":{"uv":[0,0,0,1.5],"texture":"#0"},"west":{"uv":[7,4.5,9,6],"texture":"#0"},"up":{"uv":[0,2,0,0],"texture":"#0"},"down":{"uv":[0,0,0,2],"texture":"#0"}}}],"display":{"thirdperson_righthand":{"rotation":[90,0,0],"translation":[-6,1,20],"scale":[1.00586,1,1]},"ground":{"rotation":[90,0,0],"translation":[0,0,4.75]},"gui":{"rotation":[17,180,0],"translation":[0,7,0],"scale":[1.7,1.7,1.7]},"head":{"translation":[0,6.5,-4.5],"scale":[1.7,1.7,1.7]},"fixed":{"translation":[0,6.75,2.75],"scale":[1.7,1.7,1.7]}}}