{"credit":"Made with Blockbench","texture_size":[64,64],"textures":{"0":"hmccosmetics:item/royal_crown","particle":"hmccosmetics:item/royal_crown"},"elements":[{"from":[11.25,8,-2],"to":[11.25,15,2],"rotation":{"angle":-45,"axis":"y","origin":[0,0,0]},"faces":{"north":{"uv":[0,0,0,1.75],"texture":"#0"},"east":{"uv":[0,8.5,1,10.25],"texture":"#0"},"south":{"uv":[0,0,0,1.75],"texture":"#0"},"west":{"uv":[1,8.5,2,10.25],"texture":"#0"},"up":{"uv":[0,1,0,0],"texture":"#0"},"down":{"uv":[0,0,0,1],"texture":"#0"}}},{"from":[11.25,0,3.75],"to":[11.25,10,11.25],"rotation":{"angle":-45,"axis":"y","origin":[0,0,0]},"faces":{"north":{"uv":[0,0,0,2.5],"texture":"#0"},"east":{"uv":[3,5,5,7.5],"texture":"#0"},"south":{"uv":[0,0,0,2.5],"texture":"#0"},"west":{"uv":[5,5,7,7.5],"texture":"#0"},"up":{"uv":[0,2,0,0],"texture":"#0"},"down":{"uv":[0,0,0,2],"texture":"#0"}}},{"from":[9.5,8,7],"to":[14,8,9],"faces":{"north":{"uv":[0,0,1.25,0],"texture":"#0"},"east":{"uv":[0,0,0.5,0],"texture":"#0"},"south":{"uv":[0,0,1.25,0],"texture":"#0"},"west":{"uv":[0,0,0.5,0],"texture":"#0"},"up":{"uv":[11.25,7,10,6.5],"texture":"#0"},"down":{"uv":[11.25,7,10,7.5],"texture":"#0"}}},{"from":[7,8,2],"to":[9,8,6.5],"faces":{"north":{"uv":[0,0,0.5,0],"texture":"#0"},"east":{"uv":[0,0,1.25,0],"texture":"#0"},"south":{"uv":[0,0,0.5,0],"texture":"#0"},"west":{"uv":[0,0,1.25,0],"texture":"#0"},"up":{"uv":[10.5,11.25,10,10],"texture":"#0"},"down":{"uv":[0.5,10.25,0,11.5],"texture":"#0"}}},{"from":[7,2,2],"to":[9,8,2],"faces":{"north":{"uv":[2,10,2.5,11.5],"texture":"#0"},"east":{"uv":[0,0,0,1.5],"texture":"#0"},"south":{"uv":[10,2,10.5,3.5],"texture":"#0"},"west":{"uv":[0,0,0,1.5],"texture":"#0"},"up":{"uv":[0.5,0,0,0],"texture":"#0"},"down":{"uv":[0.5,0,0,0],"texture":"#0"}}},{"from":[14,2,7],"to":[14,8,9],"faces":{"north":{"uv":[0,0,0,1.5],"texture":"#0"},"east":{"uv":[2.5,10,3,11.5],"texture":"#0"},"south":{"uv":[0,0,0,1.5],"texture":"#0"},"west":{"uv":[3,10,3.5,11.5],"texture":"#0"},"up":{"uv":[0,0.5,0,0],"texture":"#0"},"down":{"uv":[0,0,0,0.5],"texture":"#0"}}},{"from":[7,2,14],"to":[9,8,14],"faces":{"north":{"uv":[3.5,10,4,11.5],"texture":"#0"},"east":{"uv":[0,0,0,1.5],"texture":"#0"},"south":{"uv":[10,3.5,10.5,5],"texture":"#0"},"west":{"uv":[0,0,0,1.5],"texture":"#0"},"up":{"uv":[0.5,0,0,0],"texture":"#0"},"down":{"uv":[0.5,0,0,0],"texture":"#0"}}},{"from":[2,8,7],"to":[6.5,8,9],"faces":{"north":{"uv":[0,0,1.25,0],"texture":"#0"},"east":{"uv":[0,0,0.5,0],"texture":"#0"},"south":{"uv":[0,0,1.25,0],"texture":"#0"},"west":{"uv":[0,0,0.5,0],"texture":"#0"},"up":{"uv":[1.75,10.75,0.5,10.25],"texture":"#0"},"down":{"uv":[11.75,0,10.5,0.5],"texture":"#0"}}},{"from":[11.25,0,-11.75],"to":[11.25,10,-4.25],"rotation":{"angle":-45,"axis":"y","origin":[0,0,0]},"faces":{"north":{"uv":[0,0,0,2.5],"texture":"#0"},"east":{"uv":[5.5,0,7.5,2.5],"texture":"#0"},"south":{"uv":[0,0,0,2.5],"texture":"#0"},"west":{"uv":[5.5,2.5,7.5,5],"texture":"#0"},"up":{"uv":[0,2,0,0],"texture":"#0"},"down":{"uv":[0,0,0,2],"texture":"#0"}}},{"from":[6.5,7,6.5],"to":[9.5,8,9.5],"faces":{"north":{"uv":[10.5,5.75,11.25,6],"texture":"#0"},"east":{"uv":[10.5,6,11.25,6.25],"texture":"#0"},"south":{"uv":[10.5,6.25,11.25,6.5],"texture":"#0"},"west":{"uv":[7,10.5,7.75,10.75],"texture":"#0"},"up":{"uv":[11.25,3.75,10.5,3],"texture":"#0"},"down":{"uv":[11.25,3.75,10.5,4.5],"texture":"#0"}}},{"from":[2,2,7],"to":[2,8,9],"faces":{"north":{"uv":[0,0,0,1.5],"texture":"#0"},"east":{"uv":[10,5,10.5,6.5],"texture":"#0"},"south":{"uv":[0,0,0,1.5],"texture":"#0"},"west":{"uv":[9.5,10,10,11.5],"texture":"#0"},"up":{"uv":[0,0.5,0,0],"texture":"#0"},"down":{"uv":[0,0,0,0.5],"texture":"#0"}}},{"from":[7,8,9.5],"to":[9,8,14],"faces":{"north":{"uv":[0,0,0.5,0],"texture":"#0"},"east":{"uv":[0,0,1.25,0],"texture":"#0"},"south":{"uv":[0,0,0.5,0],"texture":"#0"},"west":{"uv":[0,0,1.25,0],"texture":"#0"},"up":{"uv":[11,1.75,10.5,0.5],"texture":"#0"},"down":{"uv":[11,1.75,10.5,3],"texture":"#0"}}},{"from":[15.25,0,-0.25],"to":[22.75,10,-0.25],"rotation":{"angle":-45,"axis":"y","origin":[0,0,0]},"faces":{"north":{"uv":[0,6,2,8.5],"texture":"#0"},"east":{"uv":[0,0,0,2.5],"texture":"#0"},"south":{"uv":[7,5,9,7.5],"texture":"#0"},"west":{"uv":[0,0,0,2.5],"texture":"#0"},"up":{"uv":[2,0,0,0],"texture":"#0"},"down":{"uv":[2,0,0,0],"texture":"#0"}}},{"from":[-0.25,0,-0.25],"to":[7.25,10,-0.25],"rotation":{"angle":-45,"axis":"y","origin":[0,0,0]},"faces":{"north":{"uv":[7.5,0,9.5,2.5],"texture":"#0"},"east":{"uv":[0,0,0,2.5],"texture":"#0"},"south":{"uv":[2,7.5,4,10],"texture":"#0"},"west":{"uv":[0,0,0,2.5],"texture":"#0"},"up":{"uv":[2,0,0,0],"texture":"#0"},"down":{"uv":[2,0,0,0],"texture":"#0"}}},{"from":[9.25,8,0],"to":[13.25,15,0],"rotation":{"angle":-45,"axis":"y","origin":[0,0,0]},"faces":{"north":{"uv":[9,4,10,5.75],"texture":"#0"},"east":{"uv":[0,0,0,1.75],"texture":"#0"},"south":{"uv":[9,5.75,10,7.5],"texture":"#0"},"west":{"uv":[0,0,0,1.75],"texture":"#0"},"up":{"uv":[1,0,0,0],"texture":"#0"},"down":{"uv":[1,0,0,0],"texture":"#0"}}},{"from":[2,5.25,1],"to":[6,9.25,2],"rotation":{"angle":-45,"axis":"z","origin":[0,0,0]},"faces":{"north":{"uv":[2,6,3,7],"texture":"#0"},"east":{"uv":[8.5,4,8.75,5],"texture":"#0"},"south":{"uv":[7.5,4,8.5,5],"texture":"#0"},"west":{"uv":[8.75,4,9,5],"texture":"#0"},"up":{"uv":[3,7.25,2,7],"texture":"#0"},"down":{"uv":[3,7.25,2,7.5],"texture":"#0"}}},{"from":[2,5.25,14],"to":[6,9.25,15],"rotation":{"angle":-45,"axis":"z","origin":[0,0,0]},"faces":{"north":{"uv":[9.5,0,10.5,1],"texture":"#0"},"east":{"uv":[1.75,10.25,2,11.25],"texture":"#0"},"south":{"uv":[9.5,1,10.5,2],"texture":"#0"},"west":{"uv":[4,10.5,4.25,11.5],"texture":"#0"},"up":{"uv":[5.25,10.75,4.25,10.5],"texture":"#0"},"down":{"uv":[11.5,4.5,10.5,4.75],"texture":"#0"}}},{"from":[1,5.25,2],"to":[2,9.25,6],"rotation":{"angle":45,"axis":"x","origin":[0,0,0]},"faces":{"north":{"uv":[10.5,4.75,10.75,5.75],"texture":"#0"},"east":{"uv":[6.5,9.5,7.5,10.5],"texture":"#0"},"south":{"uv":[5.25,10.5,5.5,11.5],"texture":"#0"},"west":{"uv":[7.5,9.5,8.5,10.5],"texture":"#0"},"up":{"uv":[5.75,11.5,5.5,10.5],"texture":"#0"},"down":{"uv":[6,10.5,5.75,11.5],"texture":"#0"}}},{"from":[14,5.25,2],"to":[15,9.25,6],"rotation":{"angle":45,"axis":"x","origin":[0,0,0]},"faces":{"north":{"uv":[6,10.5,6.25,11.5],"texture":"#0"},"east":{"uv":[8.5,9.5,9.5,10.5],"texture":"#0"},"south":{"uv":[6.25,10.5,6.5,11.5],"texture":"#0"},"west":{"uv":[9.5,9,10.5,10],"texture":"#0"},"up":{"uv":[6.75,11.5,6.5,10.5],"texture":"#0"},"down":{"uv":[7,10.5,6.75,11.5],"texture":"#0"}}},{"from":[2,0,2],"to":[14,2,14],"faces":{"north":{"uv":[6.5,9,9.5,9.5],"texture":"#0"},"east":{"uv":[9,7.5,12,8],"texture":"#0"},"south":{"uv":[9,8,12,8.5],"texture":"#0"},"west":{"uv":[9,8.5,12,9],"texture":"#0"},"up":{"uv":[3,3,0,0],"texture":"#0"},"down":{"uv":[3,3,0,6],"texture":"#0"}}},{"from":[3,1,3],"to":[13,7,13],"faces":{"north":{"uv":[7.5,2.5,10,4],"texture":"#0"},"east":{"uv":[4,7.5,6.5,9],"texture":"#0"},"south":{"uv":[6.5,7.5,9,9],"texture":"#0"},"west":{"uv":[4,9,6.5,10.5],"texture":"#0"},"up":{"uv":[5.5,2.5,3,0],"texture":"#0"},"down":{"uv":[5.5,2.5,3,5],"texture":"#0"}}}],"display":{"thirdperson_righthand":{"translation":[0,4,3],"scale":[0.5,0.5,0.5]},"thirdperson_lefthand":{"translation":[0,4,3],"scale":[0.5,0.5,0.5]},"firstperson_righthand":{"translation":[0,1.5,0],"scale":[0.7,0.7,0.7]},"firstperson_lefthand":{"translation":[0,1.5,0],"scale":[0.7,0.7,0.7]},"ground":{"translation":[0,2,0],"scale":[0.7,0.7,0.7]},"gui":{"rotation":[41,37,0],"translation":[0,2.5,0],"scale":[0.7,0.7,0.7]},"head":{"rotation":[4,0,0],"translation":[0,13.5,0.75],"scale":[1.5,1.5,1.5]},"fixed":{"translation":[0,4.25,0]}},"groups":[{"name":"royal_crown","origin":[8,8,8],"color":0,"nbt":"{}","armAnimationEnabled":false,"children":[{"name":"decorations","origin":[0,0,0],"color":0,"nbt":"{}","armAnimationEnabled":false,"children":[0,1,2,3,4,5,6,7,8,9,10,11,12,13,14,15,16,17,18]},{"name":"base","origin":[8,8,8],"color":0,"nbt":"{}","armAnimationEnabled":false,"children":[19,20]}]}]}