{"credit":"Made with Blockbench","textures":{"0":"nlwar:crates/crate/brown_silver_crate"},"elements":[{"from":[13.35107,0.23951,0.87069],"to":[17.14307,2.13551,4.66269],"rotation":{"angle":0,"axis":"y","origin":[-3,-3,0]},"faces":{"north":{"uv":[12.85714,9.42857,13.42857,9.71429],"texture":"#0","tintindex":0},"east":{"uv":[9.71429,12.85714,10.28572,13.14286],"texture":"#0","tintindex":0},"south":{"uv":[12.85714,9.71429,13.42857,10],"texture":"#0","tintindex":0},"west":{"uv":[10.28572,12.85714,10.85714,13.14286],"texture":"#0","tintindex":0},"up":{"uv":[3.42857,12.57143,2.85714,12],"texture":"#0","tintindex":0},"down":{"uv":[12.57143,3.14286,12,3.71429],"texture":"#0","tintindex":0}}},{"from":[15.24707,4.03151,14.14269],"to":[18.09107,9.71951,16.98669],"rotation":{"angle":0,"axis":"y","origin":[-3,-3,0]},"faces":{"north":{"uv":[0,11.42857,0.42857,12.28572],"texture":"#0","tintindex":0},"east":{"uv":[0.57143,11.42857,1,12.28572],"texture":"#0","tintindex":0},"south":{"uv":[1.14286,11.42857,1.57143,12.28572],"texture":"#0","tintindex":0},"west":{"uv":[1.71429,11.42857,2.14286,12.28572],"texture":"#0","tintindex":0},"up":{"uv":[11.85714,13,11.42857,12.57143],"texture":"#0","tintindex":0},"down":{"uv":[13,11.71429,12.57143,12.14286],"texture":"#0","tintindex":0}}},{"from":[0.26867,10.76231,15.77799],"to":[4.06067,12.65831,17.67399],"rotation":{"angle":0,"axis":"y","origin":[-3,-3,0]},"faces":{"north":{"uv":[12.85714,4.57143,13.42857,4.85714],"texture":"#0","tintindex":0},"east":{"uv":[2.57143,11.14286,2.85714,11.42857],"texture":"#0","tintindex":0},"south":{"uv":[12.85714,4.57143,13.42857,4.85714],"texture":"#0","tintindex":0},"west":{"uv":[11.42857,10.28572,11.71429,10.57143],"texture":"#0","tintindex":0},"up":{"uv":[13.42857,5.14286,12.85714,4.85714],"texture":"#0","tintindex":0},"down":{"uv":[13.42857,5.14286,12.85714,5.42857],"texture":"#0","tintindex":0}}},{"from":[15.24707,4.03151,-0.07731],"to":[18.09107,9.71951,2.76669],"rotation":{"angle":0,"axis":"y","origin":[-3,-3,0]},"faces":{"north":{"uv":[2.28571,11.42857,2.71429,12.28572],"texture":"#0","tintindex":0},"east":{"uv":[11.42857,11.14286,11.85714,12],"texture":"#0","tintindex":0},"south":{"uv":[11.71429,8.57143,12.14286,9.42857],"texture":"#0","tintindex":0},"west":{"uv":[11.71429,9.42857,12.14286,10.28572],"texture":"#0","tintindex":0},"up":{"uv":[13,12.71429,12.57143,12.28572],"texture":"#0","tintindex":0},"down":{"uv":[0.42857,12.85714,0,13.28572],"texture":"#0","tintindex":0}}},{"from":[17.04827,8.10028,14.99542],"to":[17.99627,11.89228,16.89141],"rotation":{"angle":45,"axis":"x","origin":[7.61567,10.15958,8.35069]},"faces":{"north":{"uv":[10,13.42857,10.14286,14],"texture":"#0","tintindex":0},"east":{"uv":[13.14286,7.71429,13.42857,8.28572],"texture":"#0","tintindex":0},"south":{"uv":[10.28572,13.42857,10.42857,14],"texture":"#0","tintindex":0},"west":{"uv":[8.28572,13.14286,8.57143,13.71429],"texture":"#0","tintindex":0},"up":{"uv":[13.85714,1.71429,13.71429,1.42857],"texture":"#0","tintindex":0},"down":{"uv":[1.85714,13.71429,1.71429,14],"texture":"#0","tintindex":0}}},{"from":[-2.76493,4.03151,14.14269],"to":[0.07907,9.71951,16.98669],"rotation":{"angle":0,"axis":"y","origin":[-3,-3,0]},"faces":{"north":{"uv":[9.14286,11.14286,9.57143,12],"texture":"#0","tintindex":0},"east":{"uv":[9.71429,11.14286,10.14286,12],"texture":"#0","tintindex":0},"south":{"uv":[10.28572,11.14286,10.71429,12],"texture":"#0","tintindex":0},"west":{"uv":[10.85714,11.14286,11.28572,12],"texture":"#0","tintindex":0},"up":{"uv":[13,11,12.57143,10.57143],"texture":"#0","tintindex":0},"down":{"uv":[13,11.14286,12.57143,11.57143],"texture":"#0","tintindex":0}}},{"from":[-2.67013,6.87551,5.63439],"to":[-1.81693,9.95651,11.32239],"rotation":{"angle":0,"axis":"y","origin":[-3,-3,0]},"faces":{"north":{"uv":[11.14286,13.42857,11.28572,13.85714],"texture":"#0","tintindex":0},"east":{"uv":[11.71429,10.28572,12.57143,10.71429],"texture":"#0","tintindex":0},"south":{"uv":[11.42857,13.42857,11.57143,13.85714],"texture":"#0","tintindex":0},"west":{"uv":[12,2.57143,12.85714,3],"texture":"#0","tintindex":0},"up":{"uv":[13.57143,5.14286,13.42857,4.28571],"texture":"#0","tintindex":0},"down":{"uv":[4.71429,13.42857,4.57143,14.28572],"texture":"#0","tintindex":0}}},{"from":[-1.81693,0.23951,12.24669],"to":[1.97507,2.13551,16.03869],"rotation":{"angle":0,"axis":"y","origin":[-3,-3,0]},"faces":{"north":{"uv":[1.14286,13.14286,1.71429,13.42857],"texture":"#0","tintindex":0},"east":{"uv":[13.14286,1.14286,13.71429,1.42857],"texture":"#0","tintindex":0},"south":{"uv":[13.14286,1.42857,13.71429,1.71429],"texture":"#0","tintindex":0},"west":{"uv":[13.14286,1.71429,13.71429,2],"texture":"#0","tintindex":0},"up":{"uv":[6.85714,12.57143,6.28571,12],"texture":"#0","tintindex":0},"down":{"uv":[7.42857,12,6.85714,12.57143],"texture":"#0","tintindex":0}}},{"from":[-2.09165,9.26686,15.99129],"to":[-0.19565,13.05886,16.93929],"rotation":{"angle":45,"axis":"z","origin":[7.61567,10.15958,8.35069]},"faces":{"north":{"uv":[3.14286,13.14286,3.42857,13.71429],"texture":"#0","tintindex":0},"east":{"uv":[8,13.42857,8.14286,14],"texture":"#0","tintindex":0},"south":{"uv":[13.14286,3.14286,13.42857,3.71429],"texture":"#0","tintindex":0},"west":{"uv":[13.42857,8.28572,13.57143,8.85714],"texture":"#0","tintindex":0},"up":{"uv":[14,0.42857,13.71429,0.28571],"texture":"#0","tintindex":0},"down":{"uv":[0.85714,13.71429,0.57143,13.85714],"texture":"#0","tintindex":0}}},{"from":[-2.67013,7.9532,-0.04296],"to":[-1.72213,11.7452,1.85305],"rotation":{"angle":-45,"axis":"x","origin":[7.61567,10.15958,8.35069]},"faces":{"north":{"uv":[9.14286,13.42857,9.28572,14],"texture":"#0","tintindex":0},"east":{"uv":[13.14286,3.71429,13.42857,4.28571],"texture":"#0","tintindex":0},"south":{"uv":[9.42857,13.42857,9.57143,14],"texture":"#0","tintindex":0},"west":{"uv":[4,13.14286,4.28571,13.71429],"texture":"#0","tintindex":0},"up":{"uv":[13.85714,1.14286,13.71429,0.85714],"texture":"#0","tintindex":0},"down":{"uv":[1.28571,13.71429,1.14286,14],"texture":"#0","tintindex":0}}},{"from":[15.49403,9.33389,15.99129],"to":[17.39003,13.12589,16.93929],"rotation":{"angle":-45,"axis":"z","origin":[7.61567,10.15958,8.35069]},"faces":{"north":{"uv":[3.42857,13.14286,3.71429,13.71429],"texture":"#0","tintindex":0},"east":{"uv":[8.85714,13.42857,9,14],"texture":"#0","tintindex":0},"south":{"uv":[3.71429,13.14286,4,13.71429],"texture":"#0","tintindex":0},"west":{"uv":[13.42857,8.85714,13.57143,9.42857],"texture":"#0","tintindex":0},"up":{"uv":[14,0.71429,13.71429,0.57143],"texture":"#0","tintindex":0},"down":{"uv":[1.14286,13.71429,0.85714,13.85714],"texture":"#0","tintindex":0}}},{"from":[-2.76493,4.03151,-0.07731],"to":[0.07907,9.71951,2.76669],"rotation":{"angle":0,"axis":"y","origin":[-3,-3,0]},"faces":{"north":{"uv":[6.85714,11.14286,7.28571,12],"texture":"#0","tintindex":0},"east":{"uv":[7.42857,11.14286,7.85714,12],"texture":"#0","tintindex":0},"south":{"uv":[8,11.14286,8.42857,12],"texture":"#0","tintindex":0},"west":{"uv":[8.57143,11.14286,9,12],"texture":"#0","tintindex":0},"up":{"uv":[13,8.14286,12.57143,7.71429],"texture":"#0","tintindex":0},"down":{"uv":[13,10,12.57143,10.42857],"texture":"#0","tintindex":0}}},{"from":[17.04827,6.87551,5.63439],"to":[17.90147,9.95651,11.32239],"rotation":{"angle":0,"axis":"y","origin":[-3,-3,0]},"faces":{"north":{"uv":[11.28572,13.42857,11.14286,13.85714],"texture":"#0","tintindex":0},"east":{"uv":[12.85714,2.57143,12,3],"texture":"#0","tintindex":0},"south":{"uv":[11.57143,13.42857,11.42857,13.85714],"texture":"#0","tintindex":0},"west":{"uv":[12.57143,10.28572,11.71429,10.71429],"texture":"#0","tintindex":0},"up":{"uv":[13.42857,5.14286,13.57143,4.28571],"texture":"#0","tintindex":0},"down":{"uv":[4.57143,13.42857,4.71429,14.28572],"texture":"#0","tintindex":0}}},{"from":[15.49403,9.33389,-0.02991],"to":[17.39003,13.12589,0.91809],"rotation":{"angle":-45,"axis":"z","origin":[7.61567,10.15958,8.35069]},"faces":{"north":{"uv":[13.14286,2,13.42857,2.57143],"texture":"#0","tintindex":0},"east":{"uv":[7.71429,13.42857,7.85714,14],"texture":"#0","tintindex":0},"south":{"uv":[2.85714,13.14286,3.14286,13.71429],"texture":"#0","tintindex":0},"west":{"uv":[13.42857,7.71429,13.57143,8.28572],"texture":"#0","tintindex":0},"up":{"uv":[14,0.14286,13.71429,0],"texture":"#0","tintindex":0},"down":{"uv":[0.57143,13.71429,0.28571,13.85714],"texture":"#0","tintindex":0}}},{"from":[17.04827,7.9532,-0.04296],"to":[17.99627,11.7452,1.85305],"rotation":{"angle":-45,"axis":"x","origin":[7.61567,10.15958,8.35069]},"faces":{"north":{"uv":[10.57143,13.42857,10.71429,14],"texture":"#0","tintindex":0},"east":{"uv":[8.57143,13.14286,8.85714,13.71429],"texture":"#0","tintindex":0},"south":{"uv":[10.85714,13.42857,11,14],"texture":"#0","tintindex":0},"west":{"uv":[13.14286,8.57143,13.42857,9.14286],"texture":"#0","tintindex":0},"up":{"uv":[13.85714,2,13.71429,1.71429],"texture":"#0","tintindex":0},"down":{"uv":[2.14286,13.71429,2,14],"texture":"#0","tintindex":0}}},{"from":[-2.76493,2.13551,-0.07731],"to":[18.09107,4.03151,16.98669],"rotation":{"angle":0,"axis":"y","origin":[-3,-3,0]},"faces":{"north":{"uv":[9.71429,6.57143,12.85714,6.85714],"texture":"#0","tintindex":0},"east":{"uv":[9.71429,8.28572,12.28572,8.57143],"texture":"#0","tintindex":0},"south":{"uv":[9.71429,6.85714,12.85714,7.14286],"texture":"#0","tintindex":0},"west":{"uv":[0,10.28572,2.57143,10.57143],"texture":"#0","tintindex":0},"up":{"uv":[6.85714,2.57143,3.71429,0],"texture":"#0","tintindex":0},"down":{"uv":[6.85714,2.57143,3.71429,5.14286],"texture":"#0","tintindex":0}}},{"from":[-2.76493,9.71951,-0.07731],"to":[18.09107,11.61551,16.98669],"rotation":{"angle":0,"axis":"y","origin":[-3,-3,0]},"faces":{"north":{"uv":[9.71429,7.14286,12.85714,7.42857],"texture":"#0","tintindex":0},"east":{"uv":[5.71429,10.28572,8.28572,10.57143],"texture":"#0","tintindex":0},"south":{"uv":[9.71429,7.42857,12.85714,7.71429],"texture":"#0","tintindex":0},"west":{"uv":[8.28572,10.28572,10.85714,10.57143],"texture":"#0","tintindex":0},"up":{"uv":[6.85714,7.71429,3.71429,5.14286],"texture":"#0","tintindex":0},"down":{"uv":[3.14286,5.71429,0,8.28572],"texture":"#0","tintindex":0}}},{"from":[-1.81693,4.03151,0.87069],"to":[17.14307,9.71951,16.03869],"rotation":{"angle":0,"axis":"y","origin":[-3,-3,0]},"faces":{"north":{"uv":[8.85714,8.57143,11.71429,9.42857],"texture":"#0","tintindex":0},"east":{"uv":[9.71429,2.57143,12,3.42857],"texture":"#0","tintindex":0},"south":{"uv":[0,9.42857,2.85714,10.28572],"texture":"#0","tintindex":0},"west":{"uv":[9.71429,3.42857,12,4.28571],"texture":"#0","tintindex":0},"up":{"uv":[9.71429,2.28571,6.85714,0],"texture":"#0","tintindex":0},"down":{"uv":[9.71429,2.28571,6.85714,4.57143],"texture":"#0","tintindex":0}}},{"from":[-2.67013,8.10028,14.99542],"to":[-1.72213,11.89228,16.89141],"rotation":{"angle":45,"axis":"x","origin":[7.61567,10.15958,8.35069]},"faces":{"north":{"uv":[13.42857,9.42857,13.57143,10],"texture":"#0","tintindex":0},"east":{"uv":[4.28571,13.14286,4.57143,13.71429],"texture":"#0","tintindex":0},"south":{"uv":[9.71429,13.42857,9.85714,14],"texture":"#0","tintindex":0},"west":{"uv":[13.14286,7.14286,13.42857,7.71429],"texture":"#0","tintindex":0},"up":{"uv":[13.85714,1.42857,13.71429,1.14286],"texture":"#0","tintindex":0},"down":{"uv":[1.57143,13.71429,1.42857,14],"texture":"#0","tintindex":0}}},{"from":[-2.09165,9.26686,-0.02991],"to":[-0.19565,13.05886,0.91809],"rotation":{"angle":45,"axis":"z","origin":[7.61567,10.15958,8.35069]},"faces":{"north":{"uv":[12.85714,8.57143,13.14286,9.14286],"texture":"#0","tintindex":0},"east":{"uv":[5.71429,13.42857,5.85714,14],"texture":"#0","tintindex":0},"south":{"uv":[8.85714,12.85714,9.14286,13.42857],"texture":"#0","tintindex":0},"west":{"uv":[6,13.42857,6.14286,14],"texture":"#0","tintindex":0},"up":{"uv":[12.57143,13.57143,12.28572,13.42857],"texture":"#0","tintindex":0},"down":{"uv":[12.85714,13.42857,12.57143,13.57143],"texture":"#0","tintindex":0}}},{"from":[5.76707,8.3667,-1.04371],"to":[9.55907,13.1067,1.04189],"rotation":{"angle":0,"axis":"y","origin":[-3,-3,0]},"faces":{"north":{"uv":[5.71429,11.14286,6.28571,11.85714],"texture":"#0","tintindex":0},"east":{"uv":[6.28571,12.57143,6.57143,13.28572],"texture":"#0","tintindex":0},"south":{"uv":[6.28571,11.14286,6.85714,11.42857],"texture":"#0","tintindex":0},"west":{"uv":[6.57143,12.57143,6.85714,13.28572],"texture":"#0","tintindex":0},"up":{"uv":[9.71429,13.14286,9.14286,12.85714],"texture":"#0","tintindex":0},"down":{"uv":[13.42857,9.14286,12.85714,9.42857],"texture":"#0","tintindex":0}}},{"from":[13.35107,0.23951,12.24669],"to":[17.14307,2.13551,16.03869],"rotation":{"angle":0,"axis":"y","origin":[-3,-3,0]},"faces":{"north":{"uv":[13.14286,0.28571,13.71429,0.57143],"texture":"#0","tintindex":0},"east":{"uv":[0.57143,13.14286,1.14286,13.42857],"texture":"#0","tintindex":0},"south":{"uv":[13.14286,0.57143,13.71429,0.85714],"texture":"#0","tintindex":0},"west":{"uv":[13.14286,0.85714,13.71429,1.14286],"texture":"#0","tintindex":0},"up":{"uv":[4.57143,12.57143,4,12],"texture":"#0","tintindex":0},"down":{"uv":[5.14286,12,4.57143,12.57143],"texture":"#0","tintindex":0}}},{"from":[-1.81693,0.23951,0.87069],"to":[1.97507,2.13551,4.66269],"rotation":{"angle":0,"axis":"y","origin":[-3,-3,0]},"faces":{"north":{"uv":[10.85714,12.85714,11.42857,13.14286],"texture":"#0","tintindex":0},"east":{"uv":[12,12.85714,12.57143,13.14286],"texture":"#0","tintindex":0},"south":{"uv":[12.57143,12.85714,13.14286,13.14286],"texture":"#0","tintindex":0},"west":{"uv":[13.14286,0,13.71429,0.28571],"texture":"#0","tintindex":0},"up":{"uv":[4,12.57143,3.42857,12],"texture":"#0","tintindex":0},"down":{"uv":[12.57143,3.71429,12,4.28571],"texture":"#0","tintindex":0}}},{"from":[11.02847,10.76231,15.77799],"to":[14.82047,12.65831,17.67399],"rotation":{"angle":0,"axis":"y","origin":[-3,-3,0]},"faces":{"north":{"uv":[12.85714,6.57143,13.42857,6.85714],"texture":"#0","tintindex":0},"east":{"uv":[11.71429,10.85714,12,11.14286],"texture":"#0","tintindex":0},"south":{"uv":[12.85714,5.71429,13.42857,6],"texture":"#0","tintindex":0},"west":{"uv":[12.28572,10,12.57143,10.28572],"texture":"#0","tintindex":0},"up":{"uv":[13.42857,6.85714,12.85714,6.57143],"texture":"#0","tintindex":0},"down":{"uv":[13.42857,6.85714,12.85714,7.14286],"texture":"#0","tintindex":0}}},{"from":[-1.81693,15.42411,20.55809],"to":[17.14307,17.79411,20.55809],"rotation":{"angle":-45,"axis":"x","origin":[7.61567,11.06087,16.82929]},"faces":{"north":{"uv":[9.71429,5.42857,12.57143,5.85714],"texture":"#0","tintindex":0},"south":{"uv":[5.71429,9.71429,8.57143,10.14286],"texture":"#0","tintindex":0}}},{"from":[15.81587,25.60791,8.47827],"to":[18.65987,27.50391,12.27027],"rotation":{"angle":-45,"axis":"x","origin":[7.61567,11.06087,16.82929]},"faces":{"north":{"uv":[13.14286,10,13.57143,10.28572],"texture":"#0","tintindex":0},"east":{"uv":[10.85714,10.28572,11.42857,10.57143],"texture":"#0","tintindex":0},"south":{"uv":[10.28572,13.14286,10.71429,13.42857],"texture":"#0","tintindex":0},"west":{"uv":[12.57143,2.28571,13.14286,2.57143],"texture":"#0","tintindex":0},"up":{"uv":[11.85714,12.57143,11.42857,12],"texture":"#0","tintindex":0},"down":{"uv":[12.42857,11.71429,12,12.28572],"texture":"#0","tintindex":0}}},{"from":[6.24107,25.60791,8.47827],"to":[9.08507,27.50391,12.27027],"rotation":{"angle":-45,"axis":"x","origin":[7.61567,11.06087,16.82929]},"faces":{"north":{"uv":[13.14286,11.42857,13.57143,11.71429],"texture":"#0","tintindex":0},"east":{"uv":[0.57143,12.85714,1.14286,13.14286],"texture":"#0","tintindex":0},"south":{"uv":[13.14286,11.71429,13.57143,12],"texture":"#0","tintindex":0},"west":{"uv":[1.14286,12.85714,1.71429,13.14286],"texture":"#0","tintindex":0},"up":{"uv":[1.57143,12.85714,1.14286,12.28572],"texture":"#0","tintindex":0},"down":{"uv":[2.14286,12.28572,1.71429,12.85714],"texture":"#0","tintindex":0}}},{"from":[15.81587,14.76292,19.32328],"to":[18.65987,18.55492,21.21928],"rotation":{"angle":-45,"axis":"x","origin":[7.61567,11.06087,16.82929]},"faces":{"north":{"uv":[12.57143,0.57143,13,1.14286],"texture":"#0","tintindex":0},"east":{"uv":[12.85714,7.14286,13.14286,7.71429],"texture":"#0","tintindex":0},"south":{"uv":[12.57143,1.14286,13,1.71429],"texture":"#0","tintindex":0},"west":{"uv":[7.42857,12.85714,7.71429,13.42857],"texture":"#0","tintindex":0},"up":{"uv":[1,13.71429,0.57143,13.42857],"texture":"#0","tintindex":0},"down":{"uv":[1.57143,13.42857,1.14286,13.71429],"texture":"#0","tintindex":0}}},{"from":[-3.51385,11.6636,-0.70275],"to":[-0.66985,16.7828,1.19325],"rotation":{"angle":0,"axis":"y","origin":[-3,3,9]},"faces":{"north":{"uv":[10.85714,12,11.28572,12.71429],"texture":"#0","tintindex":0},"east":{"uv":[5.71429,12.57143,6,13.28572],"texture":"#0","tintindex":0},"south":{"uv":[12,10.85714,12.42857,11.57143],"texture":"#0","tintindex":0},"west":{"uv":[6,12.57143,6.28571,13.28572],"texture":"#0","tintindex":0},"up":{"uv":[13.85714,4,13.42857,3.71429],"texture":"#0","tintindex":0},"down":{"uv":[13.85714,4,13.42857,4.28571],"texture":"#0","tintindex":0}}},{"from":[-1.81693,18.45674,1.90816],"to":[17.14307,18.45674,14.70616],"rotation":{"angle":0,"axis":"y","origin":[-3,3,9]},"faces":{"up":{"uv":[9.71429,6.42857,6.85714,4.57143],"texture":"#0","tintindex":0},"down":{"uv":[9.71429,6.57143,6.85714,8.42857],"texture":"#0","tintindex":0}}},{"from":[-1.81693,11.8532,0.23232],"to":[17.14307,16.7828,0.23232],"rotation":{"angle":0,"axis":"y","origin":[-3,3,9]},"faces":{"north":{"uv":[8.85714,9.42857,11.71429,10.14286],"texture":"#0","tintindex":0},"south":{"uv":[9.71429,0,12.57143,0.71429],"texture":"#0","tintindex":0}}},{"from":[15.81587,11.6636,15.41973],"to":[18.65987,16.7828,17.31573],"rotation":{"angle":0,"axis":"y","origin":[-3,3,9]},"faces":{"north":{"uv":[8.57143,12,9,12.71429],"texture":"#0","tintindex":0},"east":{"uv":[4.85714,12.57143,5.14286,13.28572],"texture":"#0","tintindex":0},"south":{"uv":[9.14286,12,9.57143,12.71429],"texture":"#0","tintindex":0},"west":{"uv":[5.14286,12.57143,5.42857,13.28572],"texture":"#0","tintindex":0},"up":{"uv":[13.57143,13.42857,13.14286,13.14286],"texture":"#0","tintindex":0},"down":{"uv":[0.42857,13.42857,0,13.71429],"texture":"#0","tintindex":0}}},{"from":[15.81587,11.6636,-0.70275],"to":[18.65987,16.7828,1.19325],"rotation":{"angle":0,"axis":"y","origin":[-3,3,9]},"faces":{"north":{"uv":[7.42857,12,7.85714,12.71429],"texture":"#0","tintindex":0},"east":{"uv":[12.57143,4.28571,12.85714,5],"texture":"#0","tintindex":0},"south":{"uv":[8,12,8.42857,12.71429],"texture":"#0","tintindex":0},"west":{"uv":[4.57143,12.57143,4.85714,13.28572],"texture":"#0","tintindex":0},"up":{"uv":[9.57143,13.42857,9.14286,13.14286],"texture":"#0","tintindex":0},"down":{"uv":[10.14286,13.14286,9.71429,13.42857],"texture":"#0","tintindex":0}}},{"from":[-3.51385,17.56814,1.97859],"to":[-0.66985,19.46414,14.63439],"rotation":{"angle":0,"axis":"y","origin":[-3,3,9]},"faces":{"north":{"uv":[13.42857,2.57143,13.85714,2.85714],"texture":"#0","tintindex":0},"east":{"uv":[7.71429,10.85714,9.57143,11.14286],"texture":"#0","tintindex":0},"south":{"uv":[13.42857,2.85714,13.85714,3.14286],"texture":"#0","tintindex":0},"west":{"uv":[9.71429,10.85714,11.57143,11.14286],"texture":"#0","tintindex":0},"up":{"uv":[5,11.85714,4.57143,10],"texture":"#0","tintindex":0},"down":{"uv":[5.57143,10,5.14286,11.85714],"texture":"#0","tintindex":0}}},{"from":[-1.81693,26.84272,9.13948],"to":[17.14307,26.84272,11.50948],"rotation":{"angle":-45,"axis":"x","origin":[7.61567,11.06087,16.82929]},"faces":{"up":{"uv":[12.57143,4.71429,9.71429,4.28571],"texture":"#0","tintindex":0},"down":{"uv":[12.57143,4.85714,9.71429,5.28571],"texture":"#0","tintindex":0}}},{"from":[-1.81693,11.8532,16.38067],"to":[17.14307,16.7828,16.38067],"rotation":{"angle":0,"axis":"y","origin":[-3,3,9]},"faces":{"north":{"uv":[9.71429,0.85714,12.57143,1.57143],"texture":"#0","tintindex":0},"south":{"uv":[9.71429,1.71429,12.57143,2.42857],"texture":"#0","tintindex":0}}},{"from":[5.71967,11.948,-1.26831],"to":[9.60647,13.844,1.57569],"rotation":{"angle":0,"axis":"y","origin":[-3,3,9]},"faces":{"north":{"uv":[12.85714,2.57143,13.42857,2.85714],"texture":"#0","tintindex":0},"east":{"uv":[13.14286,12.57143,13.57143,12.85714],"texture":"#0","tintindex":0},"south":{"uv":[12.85714,2.85714,13.42857,3.14286],"texture":"#0","tintindex":0},"west":{"uv":[13.14286,12.85714,13.57143,13.14286],"texture":"#0","tintindex":0},"up":{"uv":[12.57143,12.71429,12,12.28572],"texture":"#0","tintindex":0},"down":{"uv":[13.14286,0,12.57143,0.42857],"texture":"#0","tintindex":0}}},{"from":[6.24107,14.76292,19.32328],"to":[9.08507,18.55492,21.21928],"rotation":{"angle":-45,"axis":"x","origin":[7.61567,11.06087,16.82929]},"faces":{"north":{"uv":[0,12.28572,0.42857,12.85714],"texture":"#0","tintindex":0},"east":{"uv":[2.85714,8.28572,3.14286,8.85714],"texture":"#0","tintindex":0},"south":{"uv":[0.57143,12.28572,1,12.85714],"texture":"#0","tintindex":0},"west":{"uv":[8.57143,9.71429,8.85714,10.28572],"texture":"#0","tintindex":0},"up":{"uv":[11.28572,13.42857,10.85714,13.14286],"texture":"#0","tintindex":0},"down":{"uv":[13.57143,10.85714,13.14286,11.14286],"texture":"#0","tintindex":0}}},{"from":[-3.51385,14.76292,19.32328],"to":[-0.66985,18.55492,21.21928],"rotation":{"angle":-45,"axis":"x","origin":[7.61567,11.06087,16.82929]},"faces":{"north":{"uv":[12.57143,1.71429,13,2.28571],"texture":"#0","tintindex":0},"east":{"uv":[7.71429,12.85714,8,13.42857],"texture":"#0","tintindex":0},"south":{"uv":[2.85714,12.57143,3.28571,13.14286],"texture":"#0","tintindex":0},"west":{"uv":[8,12.85714,8.28572,13.42857],"texture":"#0","tintindex":0},"up":{"uv":[2.71429,13.71429,2.28571,13.42857],"texture":"#0","tintindex":0},"down":{"uv":[13.85714,2.28571,13.42857,2.57143],"texture":"#0","tintindex":0}}},{"from":[-3.71293,11,-0.88911],"to":[18.84947,12.896,17.50209],"rotation":{"angle":0,"axis":"y","origin":[-3,3,9]},"faces":{"north":{"uv":[10.14286,6,13,6.28571],"texture":"#0","tintindex":0},"east":{"uv":[9.71429,7.71429,12.42857,8],"texture":"#0","tintindex":0},"south":{"uv":[10.14286,6.28571,13,6.57143],"texture":"#0","tintindex":0},"west":{"uv":[9.71429,8,12.42857,8.28572],"texture":"#0","tintindex":0},"up":{"uv":[3.71429,2.71429,0,0],"texture":"#0","tintindex":0},"down":{"uv":[3.71429,2.85714,0,5.57143],"texture":"#0","tintindex":0}}},{"from":[6.24107,17.56814,1.97859],"to":[9.08507,19.46414,14.63439],"rotation":{"angle":0,"axis":"y","origin":[-3,3,9]},"faces":{"north":{"uv":[13.14286,11.14286,13.57143,11.42857],"texture":"#0","tintindex":0},"east":{"uv":[9.71429,10.57143,11.57143,10.85714],"texture":"#0","tintindex":0},"south":{"uv":[11.42857,13.14286,11.85714,13.42857],"texture":"#0","tintindex":0},"west":{"uv":[5.71429,10.85714,7.57143,11.14286],"texture":"#0","tintindex":0},"up":{"uv":[3.85714,11.85714,3.42857,10],"texture":"#0","tintindex":0},"down":{"uv":[4.42857,10,4,11.85714],"texture":"#0","tintindex":0}}},{"from":[17.90147,11.0948,-0.69951],"to":[17.90147,17.5412,16.83849],"rotation":{"angle":0,"axis":"y","origin":[-3,3,9]},"faces":{"east":{"uv":[3.14286,7.71429,5.85714,8.71429],"texture":"#0","tintindex":0},"west":{"uv":[0,8.28572,2.71429,9.28572],"texture":"#0","tintindex":0}}},{"from":[6.24107,12.99079,-0.70276],"to":[9.08507,16.78279,1.19324],"rotation":{"angle":0,"axis":"y","origin":[-3,3,9]},"faces":{"north":{"uv":[2.28571,12.28572,2.71429,12.85714],"texture":"#0","tintindex":0},"east":{"uv":[1.71429,12.85714,2,13.42857],"texture":"#0","tintindex":0},"south":{"uv":[12.28572,8.28572,12.71429,8.85714],"texture":"#0","tintindex":0},"west":{"uv":[2,12.85714,2.28571,13.42857],"texture":"#0","tintindex":0},"up":{"uv":[12.42857,13.42857,12,13.14286],"texture":"#0","tintindex":0},"down":{"uv":[13.57143,12,13.14286,12.28572],"texture":"#0","tintindex":0}}},{"from":[15.81587,11.6636,15.41973],"to":[18.65987,16.7828,17.31573],"rotation":{"angle":0,"axis":"y","origin":[-3,3,9]},"faces":{"north":{"uv":[8.57143,12,9,12.71429],"texture":"#0","tintindex":0},"east":{"uv":[4.85714,12.57143,5.14286,13.28572],"texture":"#0","tintindex":0},"south":{"uv":[9.14286,12,9.57143,12.71429],"texture":"#0","tintindex":0},"west":{"uv":[5.14286,12.57143,5.42857,13.28572],"texture":"#0","tintindex":0},"up":{"uv":[13.57143,13.42857,13.14286,13.14286],"texture":"#0","tintindex":0},"down":{"uv":[0.42857,13.42857,0,13.71429],"texture":"#0","tintindex":0}}},{"from":[6.24107,11.6636,15.41973],"to":[9.08507,16.7828,17.31573],"rotation":{"angle":0,"axis":"y","origin":[-3,3,9]},"faces":{"north":{"uv":[8.57143,12,9,12.71429],"texture":"#0","tintindex":0},"east":{"uv":[4.85714,12.57143,5.14286,13.28572],"texture":"#0","tintindex":0},"south":{"uv":[9.14286,12,9.57143,12.71429],"texture":"#0","tintindex":0},"west":{"uv":[5.14286,12.57143,5.42857,13.28572],"texture":"#0","tintindex":0},"up":{"uv":[13.57143,13.42857,13.14286,13.14286],"texture":"#0","tintindex":0},"down":{"uv":[0.42857,13.42857,0,13.71429],"texture":"#0","tintindex":0}}},{"from":[-3.51385,25.60791,8.47827],"to":[-0.66985,27.50391,12.27027],"rotation":{"angle":-45,"axis":"x","origin":[7.61567,11.06087,16.82929]},"faces":{"north":{"uv":[13.42857,3.14286,13.85714,3.42857],"texture":"#0","tintindex":0},"east":{"uv":[8.28572,12.85714,8.85714,13.14286],"texture":"#0","tintindex":0},"south":{"uv":[13.42857,3.42857,13.85714,3.71429],"texture":"#0","tintindex":0},"west":{"uv":[12.85714,8.28572,13.42857,8.57143],"texture":"#0","tintindex":0},"up":{"uv":[13,3.71429,12.57143,3.14286],"texture":"#0","tintindex":0},"down":{"uv":[3.85714,12.57143,3.42857,13.14286],"texture":"#0","tintindex":0}}},{"from":[15.81587,17.56814,1.97859],"to":[18.65987,19.46414,14.63439],"rotation":{"angle":0,"axis":"y","origin":[-3,3,9]},"faces":{"north":{"uv":[13.14286,10.28572,13.57143,10.57143],"texture":"#0","tintindex":0},"east":{"uv":[5.71429,10.57143,7.57143,10.85714],"texture":"#0","tintindex":0},"south":{"uv":[13.14286,10.57143,13.57143,10.85714],"texture":"#0","tintindex":0},"west":{"uv":[7.71429,10.57143,9.57143,10.85714],"texture":"#0","tintindex":0},"up":{"uv":[3.57143,7.57143,3.14286,5.71429],"texture":"#0","tintindex":0},"down":{"uv":[3.28571,10,2.85714,11.85714],"texture":"#0","tintindex":0}}},{"from":[-3.51385,11.6636,15.41973],"to":[-0.66985,16.7828,17.31573],"rotation":{"angle":0,"axis":"y","origin":[-3,3,9]},"faces":{"north":{"uv":[9.71429,12,10.14286,12.71429],"texture":"#0","tintindex":0},"east":{"uv":[12.57143,5.14286,12.85714,5.85714],"texture":"#0","tintindex":0},"south":{"uv":[10.28572,12,10.71429,12.71429],"texture":"#0","tintindex":0},"west":{"uv":[5.42857,12.57143,5.71429,13.28572],"texture":"#0","tintindex":0},"up":{"uv":[2.14286,13.71429,1.71429,13.42857],"texture":"#0","tintindex":0},"down":{"uv":[13.85714,2,13.42857,2.28571],"texture":"#0","tintindex":0}}},{"from":[-2.75545,11.0948,-1.17351],"to":[-2.75545,17.5412,16.83849],"rotation":{"angle":0,"axis":"y","origin":[-3,3,9]},"faces":{"east":{"uv":[6,8.57143,8.71429,9.57143],"texture":"#0","tintindex":0},"west":{"uv":[2.85714,8.85714,5.57143,9.85714],"texture":"#0","tintindex":0}}}],"display":{"fixed":{"rotation":[-90,0,0],"translation":[0,0,-78],"scale":[2,2,2]}},"groups":[{"name":"down","origin":[0,0,0],"color":0,"children":[0,1,2,3,4,5,6,7,8,9,10,11,12,13,14,15,16,17,18,19,20,21,22,23]},{"name":"up","origin":[8,8,8],"color":0,"children":[24,25,26,27,28,29,30,31,32,33,34,35,36,37,38,39,40,41,42,43,44,45,46,47,48]}]}