{"credit":"Made with Blockbench","texture_size":[20,16],"textures":{"0":"vanillamcuis:item/furnace/cooking_progress_1","particle":"vanillamcuis:item/furnace/cooking_progress_1"},"elements":[{"from":[-2,2,0],"to":[18,14,0],"faces":{"north":{"uv":[0,0,16,16],"texture":"#0"},"east":{"uv":[0,0,0,16],"texture":"#0"},"south":{"uv":[0,0,16,16],"texture":"#0"},"west":{"uv":[0,0,0,16],"texture":"#0"},"up":{"uv":[0,0,16,0],"texture":"#0"},"down":{"uv":[0,0,16,0],"texture":"#0"}}}],"gui_light":"front","display":{}}