{"credit":"Made with Blockbench","texture_size":[16,34],"textures":{"0":"vanillamcuis:item/brewing_stand/progress_16","particle":"vanillamcuis:item/brewing_stand/progress_16"},"elements":[{"from":[0,-2,0],"to":[16,32,1],"faces":{"north":{"uv":[0,0,16,16],"texture":"#0"},"east":{"uv":[0,0,0,16],"texture":"#0"},"south":{"uv":[0,0,16,16],"texture":"#0"},"west":{"uv":[0,0,0,16],"texture":"#0"},"up":{"uv":[0,0,16,0],"texture":"#0"},"down":{"uv":[0,0,16,0],"texture":"#0"}}}],"gui_light":"front","display":{"gui":{"translation":[0,2,0]}}}