{"parent":"item/generated","textures":{"layer0":"item/feather"},"display":{"head":{"rotation":[0,0,45],"translation":[-1,13,7],"scale":[1,1,1]}},"overrides":[{"predicate":{"custom_model_data":1001},"model":"nlwar:crates/crate/brown_silver_crate"},{"predicate":{"custom_model_data":1002},"model":"nlwar:crates/key/brown_silver_key"},{"predicate":{"custom_model_data":1003},"model":"nlwar:crates/crate/red_golden_crate"},{"predicate":{"custom_model_data":1004},"model":"nlwar:crates/key/red_golden_key"},{"predicate":{"custom_model_data":1005},"model":"nlwar:crates/crate/blue_light_blue_crate"},{"predicate":{"custom_model_data":1006},"model":"nlwar:crates/key/blue_light_blue_key"},{"predicate":{"custom_model_data":1007},"model":"nlwar:crates/crate/pink_green_crate"},{"predicate":{"custom_model_data":1008},"model":"nlwar:crates/key/pink_green_key"},{"predicate":{"custom_model_data":1009},"model":"nlwar:crates/crate/purple_light_purple_crate"},{"predicate":{"custom_model_data":1010},"model":"nlwar:crates/key/purple_light_purple_key"},{"predicate":{"custom_model_data":1011},"model":"nlwar:crates/crate/black_silver_crate"},{"predicate":{"custom_model_data":1012},"model":"nlwar:crates/key/black_silver_key"},{"predicate":{"custom_model_data":10000},"model":"custom:item/menus"},{"predicate":{"custom_model_data":10037},"model":"cosmetic:custom/menu/back"},{"predicate":{"custom_model_data":10038},"model":"cosmetic:custom/menu/back_gray"},{"predicate":{"custom_model_data":10039},"model":"cosmetic:custom/menu/next"},{"predicate":{"custom_model_data":10040},"model":"cosmetic:custom/menu/next_gray"},{"predicate":{"custom_model_data":10041},"model":"cosmetic:custom/menu/empty"},{"predicate":{"custom_model_data":10042},"model":"cosmetic:custom/spray/spray1"},{"predicate":{"custom_model_data":10043},"model":"cosmetic:custom/item/spray"},{"predicate":{"custom_model_data":10044},"model":"cosmetic:custom/item/spray"},{"predicate":{"custom_model_data":10045},"model":"minecraft:item/feather"},{"predicate":{"custom_model_data":10046},"model":"item/feather"}]}