{"parent":"minecraft:item/template_skull","overrides":[{"predicate":{"custom_model_data":1},"model":"custom/entities/player/head"},{"predicate":{"custom_model_data":2},"model":"custom/entities/player/right_arm"},{"predicate":{"custom_model_data":3},"model":"custom/entities/player/left_arm"},{"predicate":{"custom_model_data":4},"model":"custom/entities/player/torso"},{"predicate":{"custom_model_data":5},"model":"custom/entities/player/right_leg"},{"predicate":{"custom_model_data":6},"model":"custom/entities/player/left_leg"},{"predicate":{"custom_model_data":7},"model":"custom/entities/player/slim_right"},{"predicate":{"custom_model_data":8},"model":"custom/entities/player/slim_left"},{"predicate":{"custom_model_data":10000},"model":"heads:item/head1"},{"predicate":{"custom_model_data":10000},"model":"_iainternal:entity/player/phead_0"},{"predicate":{"custom_model_data":10001},"model":"heads:item/head2"},{"predicate":{"custom_model_data":10001},"model":"_iainternal:entity/player/parm_left_3"},{"predicate":{"custom_model_data":10002},"model":"heads:item/head3"},{"predicate":{"custom_model_data":10002},"model":"_iainternal:entity/player/pbody_2"},{"predicate":{"custom_model_data":10003},"model":"heads:item/bighead"},{"predicate":{"custom_model_data":10003},"model":"_iainternal:entity/player/pleg_left_1"},{"predicate":{"custom_model_data":10004},"model":"_iainternal:entity/player/pleg_right_5"},{"predicate":{"custom_model_data":10005},"model":"_iainternal:entity/player/parm_right_4"},{"predicate":{"custom_model_data":10012},"model":"iainternal:entity/player/sus_6"},{"predicate":{"custom_model_data":10013},"model":"minecraft:item/player_head"},{"predicate":{"custom_model_data":10014},"model":"item/player_head"}]}