{"parent":"item/handheld","textures":{"layer0":"item/stick"},"overrides":[{"predicate":{"custom_model_data":12},"model":"nlwar:ia_auto_gen/tool_box"},{"predicate":{"custom_model_data":13},"model":"nlwar:ia_auto_gen/test_item"},{"predicate":{"custom_model_data":355},"model":"item/ultratotem"},{"predicate":{"custom_model_data":3334},"model":"item/onemoney"},{"predicate":{"custom_model_data":3335},"model":"item/nemoney"},{"predicate":{"custom_model_data":3336},"model":"item/dollar"},{"predicate":{"custom_model_data":3337},"model":"item/moremoney"},{"predicate":{"custom_model_data":3338},"model":"item/stick"}]}